C_CUSTKEY,C_NAME,C_ADDRESS,C_NATIONKEY,C_PHONE,C_ACCTBAL,C_MKTSEGMENT,C_COMMENT
1,Customer#000000001,"IVhzIApeRb ot,c,E",15,25-989-741-2988,711.56,BUILDING,"to the even, regular platelets. regular, ironic epitaphs nag e"
2,Customer#000000002,"XSTf4,NCwDVaWNe6tEgvwfmRchLXak",13,23-768-687-3665,121.65,AUTOMOBILE,"l accounts. blithely ironic theodolites integrate boldly: caref"
3,Customer#000000003,MG9kdTD2WBHm,1,11-719-748-3364,7498.12,AUTOMOBILE," deposits eat slyly ironic, even instructions. express foxes detect slyly. blithely even accounts abov"
4,Customer#000000004,XxVSJsLAGtn,4,14-128-190-5944,2866.83,MACHINERY," requests. final, regular ideas sleep final accou"
5,Customer#000000005,KvpyuHCplrB84WgAiGV6sYpZq7Tj,3,13-750-942-6364,794.47,HOUSEHOLD,"n accounts will have to unwind. foxes cajole accor"
6,Customer#000000006,"sKZz0CsnMD7mp4Xd0YrBvx,LREYKUWAh yVn",20,30-114-968-4951,7638.57,AUTOMOBILE,"tions. even deposits boost according to the slyly bold packages. final accounts cajole requests. furious"
7,Customer#000000007,TcGe5gaZNgVePxU5kRrvXBfkasDTea,18,28-190-982-9759,9561.95,AUTOMOBILE,"ainst the ironic, express theodolites. express, even pinto beans among the exp"
8,Customer#000000008,"I0B10bB0AymmC, 0PrRYBCP1yGJ8xcBPmWhl5",17,27-147-574-9335,6819.74,BUILDING,"among the slyly regular theodolites kindle blithely courts. carefully even theodolites haggle slyly along the ide"
9,Customer#000000009,xKiAFTjUsCuxfeleNqefumTrjS,8,18-338-906-3675,8324.07,FURNITURE,"r theodolites according to the requests wake thinly excuses: pending requests haggle furiousl"
10,Customer#000000010,"6LrEaV6KR6PLVcgl2ArL Q3rqzLzcT1 v2",5,15-741-346-9870,2753.54,HOUSEHOLD,"es regular deposits haggle. fur"
11,Customer#000000011,"PkWS 3HlXqwTuzrKg633BEi",23,33-464-151-3439,-272.6,BUILDING,"ckages. requests sleep slyly. quickly even pinto beans promise above the slyly regular pinto beans. "
12,Customer#000000012,9PWKuhzT4Zr1Q,13,23-791-276-1263,3396.49,HOUSEHOLD," to the carefully final braids. blithely regular requests nag. ironic theodolites boost quickly along"
13,Customer#000000013,nsXQu0oVjD7PM659uC3SRSp,3,13-761-547-5974,3857.34,BUILDING,"ounts sleep carefully after the close frays. carefully bold notornis use ironic requests. blithely"
14,Customer#000000014,"KXkletMlL2JQEA ",1,11-845-129-3851,5266.3,FURNITURE,", ironic packages across the unus"
15,Customer#000000015,"YtWggXoOLdwdo7b0y,BZaGUQMLJMX1Y,EC,6Dn",23,33-687-542-7601,2788.52,HOUSEHOLD," platelets. regular deposits detect asymptotes. blithely unusual packages nag slyly at the fluf"
16,Customer#000000016,"cYiaeMLZSMAOQ2 d0W,",10,20-781-609-3107,4681.03,FURNITURE,"kly silent courts. thinly regular theodolites sleep fluffily after "
17,Customer#000000017,"izrh 6jdqtp2eqdtbkswDD8SG4SzXruMfIXyR7",2,12-970-682-3487,6.34,AUTOMOBILE,"packages wake! blithely even pint"
18,Customer#000000018,"3txGO AiuFux3zT0Z9NYaFRnZt",6,16-155-215-1315,5494.43,BUILDING,"s sleep. carefully even instructions nag furiously alongside of t"
19,Customer#000000019,"uc,3bHIx84H,wdrmLOjVsiqXCq2tr",18,28-396-526-5053,8914.71,HOUSEHOLD," nag. furiously careful packages are slyly at the accounts. furiously regular in"
20,Customer#000000020,JrPk8Pqplj4Ne,22,32-957-234-8742,7603.4,FURNITURE,"g alongside of the special excuses-- fluffily enticing packages wake "
21,Customer#000000021,XYmVpr9yAHDEn,8,18-902-614-8344,1428.25,MACHINERY," quickly final accounts integrate blithely furiously u"
22,Customer#000000022,"QI6p41,FNs5k7RZoCCVPUTkUdYpB",3,13-806-545-9701,591.98,MACHINERY,"s nod furiously above the furiously ironic ideas. "
23,Customer#000000023,"OdY W13N7Be3OC5MpgfmcYss0Wn6TKT",3,13-312-472-8245,3332.02,HOUSEHOLD,"deposits. special deposits cajole slyly. fluffily special deposits about the furiously "
24,Customer#000000024,"HXAFgIAyjxtdqwimt13Y3OZO 4xeLe7U8PqG",13,23-127-851-8031,9255.67,MACHINERY,"into beans. fluffily final ideas haggle fluffily"
25,Customer#000000025,Hp8GyFQgGHFYSilH5tBfe,12,22-603-468-3533,7133.7,FURNITURE,"y. accounts sleep ruthlessly according to the regular theodolites. unusual instructions sleep. ironic, final"
26,Customer#000000026,8ljrc5ZeMl7UciP,22,32-363-455-4837,5182.05,AUTOMOBILE,"c requests use furiously ironic requests. slyly ironic dependencies us"
27,Customer#000000027,IS8GIyxpBrLpMT0u7,3,13-137-193-2709,5679.84,BUILDING," about the carefully ironic pinto beans. accoun"
28,Customer#000000028,"iVyg0daQ,Tha8x2WPWA9m2529m",8,18-774-241-1462,1007.18,FURNITURE," along the regular deposits. furiously final pac"
29,Customer#000000029,"sJ5adtfyAkCK63df2,vF25zyQMVYE34uh",0,10-773-203-7342,7618.27,FURNITURE,"its after the carefully final platelets x-ray against "
30,Customer#000000030,nJDsELGAavU63Jl0c5NKsKfL8rIJQQkQnYL2QJY,1,11-764-165-5076,9321.01,BUILDING,"lithely final requests. furiously unusual account"
31,Customer#000000031,"LUACbO0viaAv6eXOAebryDB xjVst",23,33-197-837-7094,5236.89,HOUSEHOLD,"s use among the blithely pending depo"
32,Customer#000000032,"jD2xZzi UmId,DCtNBLXKj9q0Tlp2iQ6ZcO3J",15,25-430-914-2194,3471.53,BUILDING,"cial ideas. final, furious requests across the e"
33,Customer#000000033,"qFSlMuLucBmx9xnn5ib2csWUweg D",17,27-375-391-1280,-78.56,AUTOMOBILE,"s. slyly regular accounts are furiously. carefully pending requests"
34,Customer#000000034,"Q6G9wZ6dnczmtOx509xgE,M2KV",15,25-344-968-5422,8589.7,HOUSEHOLD,"nder against the even, pending accounts. even"
35,Customer#000000035,TEjWGE4nBzJL2,17,27-566-888-7431,1228.24,HOUSEHOLD,"requests. special, express requests nag slyly furiousl"
36,Customer#000000036,"3TvCzjuPzpJ0,DdJ8kW5U",21,31-704-669-5769,4987.27,BUILDING,"haggle. enticing, quiet platelets grow quickly bold sheaves. carefully regular acc"
37,Customer#000000037,"7EV4Pwh,3SboctTWt",8,18-385-235-7162,-917.75,FURNITURE,"ilent packages are carefully among the deposits. furiousl"
38,Customer#000000038,"a5Ee5e9568R8RLP 2ap7",12,22-306-880-7212,6345.11,HOUSEHOLD,"lar excuses. closely even asymptotes cajole blithely excuses. carefully silent pinto beans sleep carefully fin"
39,Customer#000000039,"nnbRg,Pvy33dfkorYE FdeZ60",2,12-387-467-6509,6264.31,AUTOMOBILE,"tions. slyly silent excuses slee"
40,Customer#000000040,gOnGWAyhSV1ofv,3,13-652-915-8939,1335.3,BUILDING,"rges impress after the slyly ironic courts. foxes are. blithely "
41,Customer#000000041,IM9mzmyoxeBmvNw8lA7G3Ydska2nkZF,10,20-917-711-4011,270.95,HOUSEHOLD,"ly regular accounts hang bold, silent packages. unusual foxes haggle slyly above the special, final depo"
42,Customer#000000042,ziSrvyyBke,5,15-416-330-4175,8727.01,BUILDING,"ssly according to the pinto beans: carefully special requests across the even, pending accounts wake special"
43,Customer#000000043,ouSbjHk8lh5fKX3zGso3ZSIj9Aa3PoaFd,19,29-316-665-2897,9904.28,MACHINERY,"ial requests: carefully pending foxes detect quickly. carefully final courts cajole quickly. carefully"
44,Customer#000000044,"Oi,dOSPwDu4jo4x,,P85E0dmhZGvNtBwi",16,26-190-260-5375,7315.94,AUTOMOBILE,"r requests around the unusual, bold a"
45,Customer#000000045,"4v3OcpFgoOmMG,CbnF,4mdC",9,19-715-298-9917,9983.38,AUTOMOBILE,"nto beans haggle slyly alongside of t"
46,Customer#000000046,eaTXWWm10L9,6,16-357-681-2007,5744.59,AUTOMOBILE,"ctions. accounts sleep furiously even requests. regular, regular accounts cajole blithely around the final pa"
47,Customer#000000047,"b0UgocSqEW5 gdVbhNT",2,12-427-271-9466,274.58,BUILDING,"ions. express, ironic instructions sleep furiously ironic ideas. furi"
48,Customer#000000048,"0UU iPhBupFvemNB",0,10-508-348-5882,3792.5,BUILDING,"re fluffily pending foxes. pending, bold platelets sleep slyly. even platelets cajo"
49,Customer#000000049,"cNgAeX7Fqrdf7HQN9EwjUa4nxT,68L FKAxzl",10,20-908-631-4424,4573.94,FURNITURE,"nusual foxes! fluffily pending packages maintain to the regular "
50,Customer#000000050,"9SzDYlkzxByyJ1QeTI o",6,16-658-112-3221,4266.13,MACHINERY,"ts. furiously ironic accounts cajole furiously slyly ironic dinos."
51,Customer#000000051,"uR,wEaiTvo4",12,22-344-885-4251,855.87,FURNITURE,"eposits. furiously regular requests integrate carefully packages. furious"
52,Customer#000000052,"7 QOqGqqSy9jfV51BC71jcHJSD0",11,21-186-284-5998,5630.28,HOUSEHOLD,"ic platelets use evenly even accounts. stealthy theodolites cajole furiou"
53,Customer#000000053,HnaxHzTfFTZs8MuCpJyTbZ47Cm4wFOOgib,15,25-168-852-5363,4113.64,HOUSEHOLD,"ar accounts are. even foxes are blithely. fluffily pending deposits boost"
54,Customer#000000054,",k4vf 5vECGWFy,hosTE,",4,14-776-370-4745,868.9,AUTOMOBILE,"sual, silent accounts. furiously express accounts cajole special deposits. final, final accounts use furi"
55,Customer#000000055,"zIRBR4KNEl HzaiV3a i9n6elrxzDEh8r8pDom",10,20-180-440-8525,4572.11,MACHINERY,"ully unusual packages wake bravely bold packages. unusual requests boost deposits! blithely ironic packages ab"
56,Customer#000000056,BJYZYJQk4yD5B,10,20-895-685-6920,6530.86,FURNITURE,". notornis wake carefully. carefully fluffy requests are furiously even accounts. slyly expre"
57,Customer#000000057,97XYbsuOPRXPWU,21,31-835-306-1650,4151.93,AUTOMOBILE,"ove the carefully special packages. even, unusual deposits sleep slyly pend"
58,Customer#000000058,"g9ap7Dk1Sv9fcXEWjpMYpBZIRUohi T",13,23-244-493-2508,6478.46,HOUSEHOLD,"ideas. ironic ideas affix furiously express, final instructions. regular excuses use quickly e"
59,Customer#000000059,zLOCP0wh92OtBihgspOGl4,1,11-355-584-3112,3458.6,MACHINERY,"ously final packages haggle blithely after the express deposits. furiou"
60,Customer#000000060,FyodhjwMChsZmUz7Jz0H,12,22-480-575-5866,2741.87,MACHINERY,"latelets. blithely unusual courts boost furiously about the packages. blithely final instruct"
61,Customer#000000061,"9kndve4EAJxhg3veF BfXr7AqOsT39o gtqjaYE",17,27-626-559-8599,1536.24,FURNITURE,"egular packages shall have to impress along the "
62,Customer#000000062,"upJK2Dnw13,",7,17-361-978-7059,595.61,MACHINERY,"kly special dolphins. pinto beans are slyly. quickly regular accounts are furiously a"
63,Customer#000000063,IXRSpVWWZraKII,21,31-952-552-9584,9331.13,AUTOMOBILE,"ithely even accounts detect slyly above the fluffily ir"
64,Customer#000000064,"MbCeGY20kaKK3oalJD,OT",3,13-558-731-7204,-646.64,BUILDING,"structions after the quietly ironic theodolites cajole be"
65,Customer#000000065,"RGT yzQ0y4l0H90P783LG4U95bXQFDRXbWa1sl,X",23,33-733-623-5267,8795.16,AUTOMOBILE,"y final foxes serve carefully. theodolites are carefully. pending i"
66,Customer#000000066,XbsEqXH1ETbJYYtA1A,22,32-213-373-5094,242.77,HOUSEHOLD,"le slyly accounts. carefully silent packages benea"
67,Customer#000000067,"rfG0cOgtr5W8 xILkwp9fpCS8",9,19-403-114-4356,8166.59,MACHINERY,"indle furiously final, even theodo"
68,Customer#000000068,"o8AibcCRkXvQFh8hF,7o",12,22-918-832-2411,6853.37,HOUSEHOLD," pending pinto beans impress realms. final dependencies "
69,Customer#000000069,Ltx17nO9Wwhtdbe9QZVxNgP98V7xW97uvSH1prEw,9,19-225-978-5670,1709.28,HOUSEHOLD,"thely final ideas around the quickly final dependencies affix carefully quickly final theodolites. final accounts c"
70,Customer#000000070,"mFowIuhnHjp2GjCiYYavkW kUwOjIaTCQ",22,32-828-107-2832,4867.52,FURNITURE,"fter the special asymptotes. ideas after the unusual frets cajole quickly regular pinto be"
71,Customer#000000071,"TlGalgdXWBmMV,6agLyWYDyIz9MKzcY8gl,w6t1B",7,17-710-812-5403,-611.19,HOUSEHOLD,"g courts across the regular, final pinto beans are blithely pending ac"
72,Customer#000000072,"putjlmskxE,zs,HqeIA9Wqu7dhgH5BVCwDwHHcf",2,12-759-144-9689,-362.86,FURNITURE,"ithely final foxes sleep always quickly bold accounts. final wat"
73,Customer#000000073,8IhIxreu4Ug6tt5mog4,0,10-473-439-3214,4288.5,BUILDING,"usual, unusual packages sleep busily along the furiou"
74,Customer#000000074,"IkJHCA3ZThF7qL7VKcrU nRLl,kylf ",4,14-199-862-7209,2764.43,MACHINERY,"onic accounts. blithely slow packages would haggle carefully. qui"
75,Customer#000000075,"Dh 6jZ,cwxWLKQfRKkiGrzv6pm",18,28-247-803-9025,6684.1,AUTOMOBILE," instructions cajole even, even deposits. finally bold deposits use above the even pains. slyl"
76,Customer#000000076,"m3sbCvjMOHyaOofH,e UkGPtqc4",0,10-349-718-3044,5745.33,FURNITURE,"pecial deposits. ironic ideas boost blithely according to the closely ironic theodolites! furiously final deposits n"
77,Customer#000000077,4tAE5KdMFGD4byHtXF92vx,17,27-269-357-4674,1738.87,BUILDING,"uffily silent requests. carefully ironic asymptotes among the ironic hockey players are carefully bli"
78,Customer#000000078,"HBOta,ZNqpg3U2cSL0kbrftkPwzX",9,19-960-700-9191,7136.97,FURNITURE,"ests. blithely bold pinto beans h"
79,Customer#000000079,"n5hH2ftkVRwW8idtD,BmM2",15,25-147-850-4166,5121.28,MACHINERY,"es. packages haggle furiously. regular, special requests poach after the quickly express ideas. blithely pending re"
80,Customer#000000080,"K,vtXp8qYB ",0,10-267-172-7101,7383.53,FURNITURE,"tect among the dependencies. bold accounts engage closely even pinto beans. ca"
81,Customer#000000081,SH6lPA7JiiNC6dNTrR,20,30-165-277-3269,2023.71,BUILDING,"r packages. fluffily ironic requests cajole fluffily. ironically regular theodolit"
82,Customer#000000082,"zhG3EZbap4c992Gj3bK,3Ne,Xn",18,28-159-442-5305,9468.34,AUTOMOBILE,"s wake. bravely regular accounts are furiously. regula"
83,Customer#000000083,HnhTNB5xpnSF20JBH4Ycs6psVnkC3RDf,22,32-817-154-4122,6463.51,BUILDING,"ccording to the quickly bold warhorses. final, regular foxes integrate carefully. bold packages nag blithely ev"
84,Customer#000000084,"lpXz6Fwr9945rnbtMc8PlueilS1WmASr CB",11,21-546-818-3802,5174.71,FURNITURE,"ly blithe foxes. special asymptotes haggle blithely against the furiously regular depo"
85,Customer#000000085,"siRerlDwiolhYR 8FgksoezycLj",5,15-745-585-8219,3386.64,FURNITURE,"ronic ideas use above the slowly pendin"
86,Customer#000000086,US6EGGHXbTTXPL9SBsxQJsuvy,0,10-677-951-2353,3306.32,HOUSEHOLD,"quests. pending dugouts are carefully aroun"
87,Customer#000000087,"hgGhHVSWQl 6jZ6Ev",23,33-869-884-7053,6327.54,FURNITURE,"hely ironic requests integrate according to the ironic accounts. slyly regular pla"
88,Customer#000000088,wtkjBN9eyrFuENSMmMFlJ3e7jE5KXcg,16,26-516-273-2566,8031.44,AUTOMOBILE,"s are quickly above the quickly ironic instructions; even requests about the carefully final deposi"
89,Customer#000000089,"dtR, y9JQWUO6FoJExyp8whOU",14,24-394-451-5404,1530.76,FURNITURE,"counts are slyly beyond the slyly final accounts. quickly final ideas wake. r"
90,Customer#000000090,QxCzH7VxxYUWwfL7,16,26-603-491-1238,7354.23,BUILDING,"sly across the furiously even "
91,Customer#000000091,"S8OMYFrpHwoNHaGBeuS6E 6zhHGZiprw1b7 q",8,18-239-400-3677,4643.14,AUTOMOBILE,"onic accounts. fluffily silent pinto beans boost blithely according to the fluffily exp"
92,Customer#000000092,"obP PULk2LH LqNF,K9hcbNqnLAkJVsl5xqSrY,",2,12-446-416-8471,1182.91,MACHINERY,". pinto beans hang slyly final deposits. ac"
93,Customer#000000093,EHXBr2QGdh,7,17-359-388-5266,2182.52,MACHINERY,"press deposits. carefully regular platelets r"
94,Customer#000000094,IfVNIN9KtkScJ9dUjK3Pg5gY1aFeaXewwf,9,19-953-499-8833,5500.11,HOUSEHOLD,"latelets across the bold, final requests sleep according to the fluffily bold accounts. unusual deposits amon"
95,Customer#000000095,"EU0xvmWvOmUUn5J,2z85DQyG7QCJ9Xq7",15,25-923-255-2929,5327.38,MACHINERY,"ithely. ruthlessly final requests wake slyly alongside of the furiously silent pinto beans. even the"
96,Customer#000000096,vWLOrmXhRR,8,18-422-845-1202,6323.92,AUTOMOBILE,"press requests believe furiously. carefully final instructions snooze carefully. "
97,Customer#000000097,"OApyejbhJG,0Iw3j rd1M",17,27-588-919-5638,2164.48,AUTOMOBILE,"haggle slyly. bold, special ideas are blithely above the thinly bold theo"
98,Customer#000000098,7yiheXNSpuEAwbswDW,12,22-885-845-6889,-551.37,BUILDING,"ages. furiously pending accounts are quickly carefully final foxes: busily pe"
99,Customer#000000099,szsrOiPtCHVS97Lt,15,25-515-237-9232,4088.65,HOUSEHOLD,"cajole slyly about the regular theodolites! furiously bold requests nag along the pending, regular packages. somas"
100,Customer#000000100,fptUABXcmkC5Wx,20,30-749-445-4907,9889.89,FURNITURE,"was furiously fluffily quiet deposits. silent, pending requests boost against "
102,Customer#000000102,"UAtflJ06 fn9zBfKjInkQZlWtqaA",19,29-324-978-8538,8462.17,BUILDING,"ously regular dependencies nag among the furiously express dinos. blithely final"
105,Customer#000000105,"4iSJe4L SPjg7kJj98Yz3z0B",10,20-793-553-6417,9091.82,MACHINERY,"l pains cajole even accounts. quietly final instructi"
106,Customer#000000106,xGCOEAUjUNG,1,11-751-989-4627,3288.42,MACHINERY,"lose slyly. ironic accounts along the evenly regular theodolites wake about the special, final gifts. "
109,Customer#000000109,OOOkYBgCMzgMQXUmkocoLb56rfrdWp2NE2c,16,26-992-422-8153,-716.1,BUILDING,"es. fluffily final dependencies sleep along the blithely even pinto beans. final deposits haggle furiously furiou"
112,Customer#000000112,RcfgG3bO7QeCnfjqJT1,19,29-233-262-8382,2953.35,FURNITURE,"rmanently unusual multipliers. blithely ruthless deposits are furiously along the"
115,Customer#000000115,0WFt1IXENmUT2BgbsB0ShVKJZt0HCBCbFl0aHc,8,18-971-699-1843,7508.92,HOUSEHOLD,"sits haggle above the carefully ironic theodolite"
117,Customer#000000117,"uNhM,PzsRA3S,5Y Ge5Npuhi",24,34-403-631-3505,3950.83,FURNITURE,"affix. instructions are furiously sl"
121,Customer#000000121,"tv nCR2YKupGN73mQudO",17,27-411-990-2959,6428.32,BUILDING,"uriously stealthy ideas. carefully final courts use carefully"
123,Customer#000000123,YsOnaaER8MkvK5cpf4VSlq,5,15-817-151-1168,5897.83,BUILDING,"ependencies. regular, ironic requests are fluffily regu"
124,Customer#000000124,"aTbyVAW5tCd,v09O",18,28-183-750-7809,1842.49,AUTOMOBILE,"le fluffily even dependencies. quietly s"
127,Customer#000000127,Xyge4DX2rXKxXyye1Z47LeLVEYMLf4Bfcj,21,31-101-672-2951,9280.71,MACHINERY,"ic, unusual theodolites nod silently after the final, ironic instructions: pending r"
130,Customer#000000130,"RKPx2OfZy0Vn 8wGWZ7F2EAvmMORl1k8iH",9,19-190-993-9281,5073.58,HOUSEHOLD,"ix slowly. express packages along the furiously ironic requests integrate daringly deposits. fur"
131,Customer#000000131,"jyN6lAjb1FtH10rMC,XzlWyCBrg75",11,21-840-210-3572,8595.53,HOUSEHOLD,"jole special packages. furiously final dependencies about the furiously speci"
132,Customer#000000132,QM5YabAsTLp9,4,14-692-150-9717,162.57,HOUSEHOLD,"uickly carefully special theodolites. carefully regular requests against the blithely unusual instructions "
135,Customer#000000135,"oZK,oC0 fdEpqUML",19,29-399-293-6241,8732.91,FURNITURE," the slyly final accounts. deposits cajole carefully. carefully sly packag"
139,Customer#000000139,"3ElvBwudHKL02732YexGVFVt ",9,19-140-352-1403,7897.78,MACHINERY,"nstructions. quickly ironic ideas are carefully. bold, "
140,Customer#000000140,"XRqEPiKgcETII,iOLDZp5jA",4,14-273-885-6505,9963.15,MACHINERY,"ies detect slyly ironic accounts. slyly ironic theodolites hag"
141,Customer#000000141,"5IW,WROVnikc3l7DwiUDGQNGsLBGOL6Dc0",1,11-936-295-6204,6706.14,FURNITURE,"packages nag furiously. carefully unusual accounts snooze according to the fluffily regular pinto beans. slyly spec"
143,Customer#000000143,"681r22uL452zqk 8By7I9o9enQfx0",16,26-314-406-7725,2186.5,MACHINERY,"across the blithely unusual requests haggle theodo"
144,Customer#000000144,"VxYZ3ebhgbltnetaGjNC8qCccjYU05 fePLOno8y",1,11-717-379-4478,6417.31,MACHINERY,"ges. slyly regular accounts are slyly. bold, idle reque"
145,Customer#000000145,"kQjHmt2kcec cy3hfMh969u",13,23-562-444-8454,9748.93,HOUSEHOLD,"ests? express, express instructions use. blithely fina"
146,Customer#000000146,"GdxkdXG9u7iyI1,,y5tq4ZyrcEy",3,13-835-723-3223,3328.68,FURNITURE,"ffily regular dinos are slyly unusual requests. slyly specia"
148,Customer#000000148,"BhSPlEWGvIJyT9swk vCWE",11,21-562-498-6636,2135.6,HOUSEHOLD,"ing to the carefully ironic requests. carefully regular dependencies about the theodolites wake furious"
154,Customer#000000154,"2LAlU fDHkOqbXjHHDqw1mJQNC",19,29-522-835-6914,4695.12,FURNITURE,"nic packages haggle blithely across the"
155,Customer#000000155,"l,sSphiStMgdrxpxi",0,10-566-282-8705,5902.85,AUTOMOBILE," sleep ironic, bold requests. regular packages on the quiet dependencies"
157,Customer#000000157,"HGEouzCcFrNd nBAdsCRjsMxKOvYZdbwA7he5w9v",15,25-207-442-1556,9768.73,BUILDING," pinto beans against the carefully bold requests wake quickly alongside of the final accounts. accounts"
158,Customer#000000158,"2HaYxi0J1620aoI1CdFyrW,rWOy",10,20-383-680-1329,6160.95,AUTOMOBILE,"ecoys. fluffily quick requests use flu"
160,Customer#000000160,5soVQ3dOCRBWBS,13,23-428-666-4806,4363.17,MACHINERY,"olites. silently ironic accounts cajole furious"
161,Customer#000000161,"2oRkx,NtjFUh",7,17-805-718-2449,3714.06,MACHINERY,"ptotes nag carefully instructions. silent accounts are. furiously even accounts alongside"
163,Customer#000000163,OgrGcOnm4whd0f,21,31-863-349-4121,2948.61,FURNITURE," nag furiously furiously final requests. slyly s"
166,Customer#000000166,15HWGtwoP77EJfd95HxtMSTZUelV8NOKne2,10,20-320-530-5920,2042.21,FURNITURE,"the packages. blithely final packages are furiously unusual asymptotes. regular frets promise carefully u"
167,Customer#000000167,QNc2eOlRIzL6jpthwgDuB866uCIUPiOX,5,15-288-395-5501,1468.09,AUTOMOBILE,"espite the ironic excuses. furiously final deposits wake slyly. slyly ex"
172,Customer#000000172,KwgdKUL1G2WacsMNF50yX,22,32-178-964-1847,1134.4,MACHINERY,"losely regular, unusual instructions. "
178,Customer#000000178,"p HUSDg8Cgan4Fj8Drvcdz4gi4dSqV0a7n 0ag",21,31-436-268-6327,2272.5,FURNITURE,"unts. blithely regular dependencies kindle pending deposits. quietly express deposits wake above the Tiresias-- ex"
179,Customer#000000179,djez3CWg0nnCiu60jsF,4,14-703-953-2987,-43.08,MACHINERY,"st furiously. idly regular instructions wake fluffily slyl"
181,Customer#000000181,"YNviWd WrRkZvSw1OxIewBq",9,19-653-305-8440,3929.96,FURNITURE,"final requests cajole furiously acro"
183,Customer#000000183,"aMAB2QSb8 86MAx",22,32-771-279-8154,4419.89,HOUSEHOLD,"sual accounts across the slyl"
185,Customer#000000185,iHXzQgienOQ,5,15-760-572-8760,2788.76,BUILDING,"t the ironic accounts. fluffily regular requests wake slyly ironic pinto beans. slyly unusu"
186,Customer#000000186,BeVr6MzaobBENXRBC8pmOmkByMJI,3,13-518-743-2576,8737.5,HOUSEHOLD,"e slyly final dependencies. unusual instructions against the carefully pending instructions boost quickly"
189,Customer#000000189,"r51HSq Rg8wQgF1CBfG1Vbye3GK",22,32-980-348-1114,-594.05,MACHINERY,"sly express patterns. ideas on the regular d"
194,Customer#000000194,mksKhdWuQ1pjbc4yffHp8rRmLOMcJ,16,26-597-636-3003,6696.49,HOUSEHOLD,"quickly across the fluffily dogged requests. regular platelets around the ironic, even requests cajole quickl"
196,Customer#000000196,68RstNo6a2B,18,28-135-177-2472,7760.33,FURNITURE,"accounts wake. express instructions according to the s"
197,Customer#000000197,UeVqssepNuXmtZ38D,1,11-107-312-6585,9860.22,AUTOMOBILE,"ickly final accounts cajole. furiously re"
198,Customer#000000198,",7fcZHIUn,fUaQtK8U,Q8",1,11-237-758-6141,3824.76,AUTOMOBILE,"tions. slyly ironic waters wa"
201,Customer#000000201,yWLtmd5usyjsCvyL1QJsBorC,2,12-759-183-9859,4614.4,MACHINERY," blithely even packages sleep carefully bold, unus"
202,Customer#000000202,Q0uJ1frCbi9yvu,7,17-905-805-4635,2237.64,AUTOMOBILE,"fully along the carefully pending Tiresias; special packages along the carefully special deposits try to"
203,Customer#000000203,"2fRlubh lWRinCs1nimADdn",1,11-886-563-6149,7960.63,MACHINERY," packages are. requests integrate regularly across th"
204,Customer#000000204,7U7u2KryFP,6,16-761-837-4820,-627.76,BUILDING,"ages. accounts wake slyly. dolphins nag blithely. final, regular requests haggle blithely furiously even "
205,Customer#000000205,"jOTQBGb nhfBMu3,LIN62WogLDBO0w",12,22-356-437-1311,7161.52,BUILDING," furiously pending accounts. ideas along the slyly final deposits cajole blithel"
206,Customer#000000206,"xsg,ehRHS5OKqyBR5YtoPm8myz",9,19-976-832-3312,-274.79,AUTOMOBILE," the carefully regular foxes. regular accounts wake furiously braids. bold ideas are carefu"
213,Customer#000000213,NpqMYBhBcWk8mnEta,24,34-768-700-9764,9987.71,HOUSEHOLD,"al deposits. final instructions boost carefully. even deposits sleep quickly. furiously regul"
216,Customer#000000216,LXH7wSv4I6GG6TAkLOyLcMh559a8Y,21,31-296-111-5448,-776.08,FURNITURE,"hely at the pending warhorses; blithe"
217,Customer#000000217,YIy05RMdthrXqdfnNKud,23,33-159-298-3849,378.33,AUTOMOBILE,"ven frays wake according to the carefully "
218,Customer#000000218," V1FCIeSseuyNGYfHS Rx0,sc4IsBfReV",4,14-480-931-8567,9541.19,MACHINERY,"lar courts. furiously pending dependencies cajole blithely? fluffily regular deposits cajol"
221,Customer#000000221,ripNyyPOewg8AahnZlsM,16,26-351-738-1001,1609.39,BUILDING," instructions above the regular requests cajole packages. pending, even "
224,Customer#000000224,4tCJvf30WagGfacqcAqmfCptu2cbMVcj2M7Y0W,15,25-224-867-3668,8465.15,BUILDING,"counts. bold packages doubt according to the furiously pending packages. bold, regular pinto beans "
225,Customer#000000225,2HFk1E0fmqs,13,23-979-183-7021,8893.2,AUTOMOBILE,"ages boost among the special foxes. quiet, final foxes lose carefully about the furiously unusual th"
228,Customer#000000228,A1Zvuxjdpt8TZP6i41H3fn9csGqOJUm5x0NIS1LA,20,30-435-915-1603,6868.12,FURNITURE," blithely ironic theodolites "
232,Customer#000000232,"oA9o,3YOXu2rzKONdd,cxpqCFXUv5kuxBYKp",22,32-283-563-2674,554.71,HOUSEHOLD,"ges sleep. final, bold theodolites are quickly final packages. furiously ironic packages are slyly fi"
233,Customer#000000233,mFm45wZ7rV4VIbEE1F4,3,13-574-104-3221,3998.24,FURNITURE,"st the special instructions. theodolites detect blithely according "
234,Customer#000000234,ILyuJbixVmrNEVxsfQOMFxByySs,18,28-243-424-1393,8383.51,AUTOMOBILE," fluffily regular ideas play s"
240,Customer#000000240,SXfeEOwRZsXArtY3C5UWqXgLcJBAMmaynaTJs8,9,19-756-548-7835,7139.68,MACHINERY,"al accounts about the slyly pending p"
241,Customer#000000241,"FBuwHkPR450PvnZnAezcaeMaS,hX3Ifdk",9,19-344-614-2207,6569.34,AUTOMOBILE," across the enticingly even requests. blithely iro"
242,Customer#000000242,apgzK3HWAjKHFteJ16Tg3OERViesqBbx,3,13-324-350-3564,1975.41,MACHINERY,"riously ironic pinto beans cajole silently. regular foxes wake slyly. bravely "
245,Customer#000000245,IseFIO7jTGPTzAdZPoO2X4VX48Hy,12,22-952-232-2729,3720.15,MACHINERY,"s. regular foxes against the s"
248,Customer#000000248,mgT15r8asLyaED,10,20-447-727-8914,8908.35,FURNITURE,"s detect blithely. blithely pending dolphins along the fluffily final accounts haggle fu"
250,Customer#000000250,9hif3yif6z8w8pW88F755PU7uz,16,26-464-852-1461,2869.97,FURNITURE,"s. slyly unusual instructions cajole quickly carefully bold dep"
252,Customer#000000252,"db1bPFF xUkJYzvE3cBtqYeDn2 u",16,26-330-347-9201,3561.74,FURNITURE,"ngside of the pending foxes. furiously ironic requests wake. blithely ironic acco"
254,Customer#000000254,"vQ,pEzMQaFgJzK4TJ2eA",1,11-451-622-6325,1915.35,MACHINERY,"equests. carefully ironic deposits detect carefully abo"
256,Customer#000000256,eJ6AggYh80JMEzZNwYK4CIC2flT,10,20-229-271-4429,1299.92,HOUSEHOLD,"ld boost about the carefully ironic foxes. slyly special packages cajole alongside of the slyly final accounts. q"
258,Customer#000000258,7VbADek8qYezQYotxNUmnNI,12,22-278-425-9944,6022.27,MACHINERY,"about the regular, bold accounts; pending packages use furiously stealthy warhorses. bold accounts sleep fur"
259,Customer#000000259,kwh9i86Wj1Zq14nwTdhxapIkLEI,5,15-907-674-2046,3335.29,HOUSEHOLD,"furiously unusual instructions. s"
260,Customer#000000260,CrHY2zx4vner4,1,11-708-529-9446,9196.11,MACHINERY,"carefully. furiously bold accounts nag furiously carefully regular accounts-- final decoys prin"
261,Customer#000000261,dXkVi8qahjP,12,22-494-898-7855,7094.22,AUTOMOBILE,"he special instructions integrate carefully final request"
262,Customer#000000262,DcUOAFBxMu8oGKvIqbDx7xgeZ,4,14-698-169-5201,1561.8,AUTOMOBILE,"ress packages above the ironic accounts are against the ironic pinto beans. carefully final accoun"
264,Customer#000000264,24Akixb4hqpRD,11,21-881-683-3829,3195.83,MACHINERY,"ular packages cajole blithely a"
266,Customer#000000266,VSIEruiMdDvjDaTQxkuK60Yw3AGxO,0,10-474-243-3974,5481,HOUSEHOLD,"ccounts. quickly ironic excuses after the regular foxes wake along the ironic, fina"
267,Customer#000000267,"el7 bYzj1USp6T5i3KpfZ43jKegbdO,Jd69",15,25-402-954-8909,3166.94,AUTOMOBILE," detect slyly alongside of the foxes. closely regular pinto beans nag quickly of the blithely bold r"
269,Customer#000000269,"J7kLF9iPOQA 7CVwAmQRpwfZPDJ2q5Seu2Vj1gh",14,24-570-874-6232,7667.35,MACHINERY," close packages-- quickly regular instructions sleep. carefully "
274,Customer#000000274,adesXwNumnPqsKgsE1groEAwdKNgZ,19,29-330-389-1442,4425.42,FURNITURE,"gular dependencies. ironic foxes haggle du"
275,Customer#000000275,M1UCTKrZLOgSyr,22,32-194-864-6861,5067.31,AUTOMOBILE,"y regular deposits. fluffily ironic packages cajole along the "
276,Customer#000000276,iSWxETEMKe5cF,16,26-716-357-3851,2292.67,AUTOMOBILE,"eans. even, ironic accounts affix sl"
278,Customer#000000278,"4jqLjG 2aeYMFEJi",20,30-445-570-5841,7621.56,BUILDING," pending, express requests cajole carefully special packages. blithely pending accounts affix furiously. fluffily "
280,Customer#000000280,3fDiGmN64En0ei,11,21-537-461-3965,3952.84,BUILDING,"accounts. quiet deposits sleep. slyly even instructions detect about the blithely bold instru"
282,Customer#000000282,"wcCc, y1996DnOwnXu1i",18,28-251-599-2415,1125.45,HOUSEHOLD,"ole daringly against the carefully ir"
283,Customer#000000283,"jysHDuTKUKYEjdBhtI LqTttTp 7i2kvx1 O3A",7,17-111-303-1282,4450.03,AUTOMOBILE,"y alongside of the accounts. slyly express dependencies wake quickly above the carefully ironic package"
286,Customer#000000286,"7 7uVDrpkWuozyEd",22,32-274-308-4633,-109.73,HOUSEHOLD,"ly special accounts haggle slyly slyly fluffy req"
288,Customer#000000288,eEs5rwc9AOJaKhvV,2,12-674-136-5397,5339.43,HOUSEHOLD," furiously about the carefully ironic packages. express reques"
289,Customer#000000289,"NUilehg0nVOkK3K1SW0,BAHCeST2JqKzuTMoGS",10,20-456-773-7693,-215.75,AUTOMOBILE,"ending foxes across the carefully"
296,Customer#000000296,"4eyqk2zpg4m V JGEtgwNmCq3c",15,25-875-178-1959,8081.52,BUILDING,"es need to affix furiously. ironic, final foxes are against the regular instructions: pinto beans haggle q"
298,Customer#000000298,"jFKF3w 8aegECg7mP,qtuR9IsTSYQlEXq",21,31-542-157-4074,3812.84,BUILDING,"sleep slyly. stealthy, bold pinto beans sleep blit"
299,Customer#000000299,3F3Q0fTkjIv1UfJbcN7,4,14-948-474-7353,5380.5,HOUSEHOLD,"tes sleep fluffily. furiously regular requests boost fluffily evenly even asympt"
301,Customer#000000301,FtFq9Cgg5UAzUL,7,17-265-345-9265,9305.05,HOUSEHOLD,"ular, regular notornis sleep along the furiously pending foxes"
302,Customer#000000302,cJ3cHoAjAiaxTU2t87EJM,4,14-152-594-2967,1107.42,MACHINERY,"dolphins haggle fluffily across the final requests. regularly unusual sentiments detect fluffily requests. regular"
305,Customer#000000305,"x8kcl,R4Wk",11,21-250-654-3339,4356.59,FURNITURE,"nts. even, regular courts nag. dugouts use blithely a"
309,Customer#000000309,"6Jg4ECVS2u7i,E",21,31-231-377-9535,8824.78,FURNITURE,"lyly. furiously enticing instructions haggle. carefull"
310,Customer#000000310,QZnc5mkLIPh6JGrzcHmRzCiL0AmdE92vyM,1,11-838-647-9285,3186.57,FURNITURE,"mise fluffily blithely ironic courts"
311,Customer#000000311,dvpNARle3mR19GD4s2gpEbkL2mZV3uvV6P,23,33-919-292-8822,6589.5,AUTOMOBILE,"essly even escapades. blithely regular Tiresias cajole blithely furiously close packages. furiously ironic pi"
313,Customer#000000313,Ay52vCrTXsSmp7TmQ1kujvuItfLGx,0,10-401-786-6040,6115.81,HOUSEHOLD,"g to the even dependencies. accoun"
315,Customer#000000315,"pXaKKTCTyc UI3tglBaWRimosymG6ZyOCyb6Vb3M",7,17-442-286-3594,348.58,FURNITURE,"s. slyly regular sentiments are carefully. slyly ironic asymptot"
320,Customer#000000320,"pO8rWSwK j",12,22-358-857-3698,6082.74,MACHINERY,"ing requests. furiously regular accounts hinder slyly. final, regular theodolites against the slyly quiet requests"
322,Customer#000000322,bWRyCyjH5OfGX,20,30-660-202-7517,4489.98,HOUSEHOLD,"usual sauternes are among the slyly even instructions! thinly regular "
323,Customer#000000323,"ZLnVZ CXRi2,QDrlo",18,28-347-223-6024,1137.67,AUTOMOBILE,"ely special foxes. express, final excuses across the packages are quickly amon"
326,Customer#000000326,nWDOTh6X019pfBtV3ikACYZiMjGykLrFnuyAo2,2,12-447-614-7494,1906.52,HOUSEHOLD,"ckey players. carefully ironic a"
330,Customer#000000330,UfNb7T9CTCnsfN3b,20,30-476-852-2371,8244.73,MACHINERY,"en pinto beans. quickly final excuses haggle furiously. slyly pendin"
332,Customer#000000332,"Jfosq,G6ziag7M04IvCx7SMRafyYvSI,Do",22,32-767-972-2596,-267.09,HOUSEHOLD," around the pinto beans. final theodolites haggle"
333,Customer#000000333,"heiloGYs Yey7NKhEFoiNhUBb,QFbjtn5wt",11,21-908-534-7709,8018.89,AUTOMOBILE,"uriously close theodolites! slyly express foxes cajole-- final pinto beans boost blithely along the ironic"
335,Customer#000000335,d2JCYLr2F9tC1AZMIvbIYPDQA,21,31-772-165-3138,6837.46,HOUSEHOLD," requests haggle carefully about the quickly special escapades. regular a"
340,Customer#000000340,WRnPrKQmAmoMQgHQERoVOhyTklcHMajJlc,2,12-730-681-4571,4667.12,BUILDING,"es sleep according to the even, unusual Tiresias. carefully bold packages haggle. furiously pending s"
341,Customer#000000341,"4,zQfld2YV9TSeNgCSOvqlxhJvVW8WD",9,19-870-813-8585,8247.11,FURNITURE,"low, special platelets alongside of the even, bold theodolites are carefully "
342,Customer#000000342,SpDDdUfraEAfCULAuGLE,18,28-690-119-9571,7186.74,AUTOMOBILE,"luffily final ideas. finally unusual requests boost slyly above the furio"
344,Customer#000000344,"Zasc8,E0VVY",2,12-810-788-6699,-544.95,FURNITURE,"le according to the regular instruction"
346,Customer#000000346,"K61SvIue3Emcwfel,7f9tO5WyJ58MbT7k3iS",2,12-100-890-4659,238.14,FURNITURE,"ickly even pinto beans affix across the bravel"
347,Customer#000000347,qRT7WRrnykLDfTc5Ei,1,11-519-832-9913,7348.92,BUILDING,"ts use blithely blithely regular theodolites. even requests after the"
350,Customer#000000350,"G vBMGVmIOHl7tc4HeNMiMkKY",15,25-960-809-3690,19.31,BUILDING,"tions. quietly unusual accounts sleep blithely afte"
356,Customer#000000356,9RfNXUJivKTonL2bp1eG5IT,10,20-415-457-4421,2934.06,FURNITURE,"al packages haggle always. daringly bold inst"
359,Customer#000000359,z4lUH9ssc3K2w0UjRIuNRrdqw,14,24-608-547-4751,6375.23,FURNITURE,"ifts wake fluffily ironic ideas. slyly ironic deposits above the "
361,Customer#000000361,l0F8jMJVe63cb,20,30-164-267-4590,7451.84,BUILDING,"fully busy ideas. regular foxes cajole "
365,Customer#000000365,"QiZRz y1xU",24,34-708-696-5226,737.03,HOUSEHOLD,"counts. unusual packages are blithely foxes. unusual dinos"
366,Customer#000000366,pPQektSfn55AC7s9SRFkj07I2yXqakvCa,3,13-915-531-6826,-729.74,MACHINERY,"nos wake quickly. regular, regula"
368,Customer#000000368,"9p ReFA4fseKWYUaUHi",22,32-552-596-4994,84.72,MACHINERY,"ic asymptotes. quickly special packages along the bravely bold depos"
370,Customer#000000370,"oyAPndV IN",12,22-524-280-8721,8982.79,FURNITURE,"ges. final packages haggle quickly. slyly bold "
372,Customer#000000372,aKPMNZfbgV0neVIBo,19,29-226-339-6392,-921.91,MACHINERY,". furiously even foxes sleep at the forges. bold accounts sleep after the ironic theodolites. ironi"
373,Customer#000000373,"2hrQ wHkbaNlJCzY,mVkugMIE 8ryNlaA3JHDTjJ",20,30-883-170-4010,2354.06,MACHINERY,"requests wake blithely even packages. slyly ironic deposits haggle blithely "
375,Customer#000000375,e53JADEeGvM1ikhN7aa,15,25-575-273-9756,5562.22,HOUSEHOLD,"st the pending accounts. final courts above the pending pinto beans use furiously ironic requests. dolphins "
378,Customer#000000378,"133stqM9 LT,a2BSlbm49 nXreFggaZgW6P6J",22,32-147-793-4825,5718.05,BUILDING,"ackages haggle fluffily ironic packages."
381,Customer#000000381,w3zVseYDbjBbzLld,5,15-860-208-7093,9931.71,BUILDING,"t regular, bold accounts. carefully quick packages haggle. care"
384,Customer#000000384,"kDDMb3ML nUSu2Sn7CUHyZVedAFUx9",9,19-271-453-8361,-614.3,HOUSEHOLD,"olites. express, unusual dolphins cajole carefully about the "
388,Customer#000000388,dV4lqEufXkF8R,7,17-856-814-6352,1938.05,HOUSEHOLD," carefully bold deposits: final pinto beans sleep slyly idl"
389,Customer#000000389,"ij8KNM0,HRvIvnvY w8jQK4zvr1EOO9YM",9,19-264-943-1253,-307.61,AUTOMOBILE,"o beans affix fluffily. slyly ironic notornis wake "
401,Customer#000000401,"aKALIG526OK4veQfUh2KmKcE,oRyg",19,29-667-766-5291,4146.43,BUILDING,"l instructions wake. slyly express deposits us"
406,Customer#000000406,"j1fOG9WsIr2JI6Yi9jgJ M",9,19-426-693-4043,4286.94,FURNITURE,"nal foxes. unusual pinto beans wake. special excuses cajole ironic "
407,Customer#000000407,cfCP9bE3HnI,1,11-975-454-8499,9537.08,MACHINERY,"ect among the carefully regular theodolites. regular dep"
410,Customer#000000410,"nYak2u Q9,gYUiLfh1N",7,17-576-345-5940,4349.27,BUILDING," sublate across the pending, express asymptotes. quickly "
412,Customer#000000412,"5IN2Y,QrhDJ2YBVGKiDbMpzi2hk1fmozIy2zQ",22,32-940-318-3191,6044.02,BUILDING,"ithely silent notornis haggle. regular requests haggle according to the ironic deposits. blithely final dep"
413,Customer#000000413,",4Jm5N0ruhJCB7cBR6Kw",6,16-158-285-7336,5817.9,FURNITURE,"ular packages integrate furiously fluffily final accounts. carefully regular "
417,Customer#000000417,X3LMSpIn4FgjgJxldHVUlUvKzyX,11,21-794-364-5100,6187.73,BUILDING,"lent multipliers. quickly express theodolites kindle blithely. ironic re"
428,Customer#000000428,"TCVjlzbX7x,kWcHN33LRdEjO38mAGmPR",21,31-587-557-8211,1952.36,BUILDING,"furiously quick accounts. slyly bold dependencies cajole carefully. quickly even requests int"
429,Customer#000000429,"kZBtY,LQAFu4iaSagjfIk8Q8dzgmT",15,25-989-936-1954,9247.21,FURNITURE,"ly regular requests haggle enticing excuses. carefully ironic requests on th"
431,Customer#000000431,RNfSXbUJkgUlBBPn,6,16-326-904-6643,2273.5,HOUSEHOLD,"e quickly. final, even excuses against the even accounts sleep agai"
433,Customer#000000433,"7XFuE4 euQR0w",20,30-659-445-3595,8746.23,FURNITURE,"sual ideas affix carefully always regular accou"
436,Customer#000000436,4DCNzAT842cVYTcaUS94kR0QXHSRM5oco0D6Z,19,29-927-687-6390,5896.87,FURNITURE,"olites engage carefully. slyly ironic asymptotes about the ironi"
439,Customer#000000439,3deBblz2syRv8yMf0yAVKkE4mDH20uDRj4tJVHUm,14,24-873-368-6801,-61.29,BUILDING,"ions may impress thinly for the deposits? even packages towa"
441,Customer#000000441,gjYpcBx6MP8GvDa6,23,33-438-355-3491,9451.84,HOUSEHOLD,"r requests wake theodolites. quickly final ideas haggle fluffily. blithely f"
442,Customer#000000442,rvgayfJFLO2cjzMA,1,11-240-523-8711,4157,FURNITURE,"lets would affix fluffily. regular, regular ideas ought to haggle carefully blit"
443,Customer#000000443,UdyNGZ6GSz5aNpMO5N2,3,13-241-131-1632,3726.22,FURNITURE,"t the special, final platelets. bold req"
446,Customer#000000446,"mJOJwYfch izLCuw70,qhlJSmH",24,34-321-168-5681,9225.6,FURNITURE,"ending instructions. boldly ironic foxes across the regularly ironic pains sleep along the carefully final deposits."
448,Customer#000000448,BH4vtnDpabk0NgoGNJWu4OUXnidfJ,24,34-985-422-6009,8117.27,BUILDING,"unts. final pinto beans boost carefully. furiously even foxes according to the express, regular pa"
450,Customer#000000450,KVpuYa4dDW8lZZVBttyK614C2qdS,9,19-782-397-9006,5544.42,HOUSEHOLD,"gular decoys nod slyly express requests. slyly bold theodolites are along the regular"
451,Customer#000000451,"ZJKTC1Ck,B01fYZ xdN2",20,30-939-275-3248,2110.59,HOUSEHOLD,"quests grow furiously final deposits. ironic, even pi"
452,Customer#000000452,",TI7FdTc gCXUMi09qD",6,16-335-974-9174,6633.7,BUILDING,"aggle quickly. unusual instructions i"
453,Customer#000000453,"PZ4mmWL7R,El0MtLWMfLXp120lo0,itmO",8,18-209-381-8571,5678.18,HOUSEHOLD,"sts. slyly even dolphins across the bold, regular foxes haggle blithely"
457,Customer#000000457,"eaAWe Vqr0x17Uwj1uzQRb wQpXxZVDWS3Wg",20,30-543-684-2857,5867.61,FURNITURE,"the foxes. carefully pending instructions integrate fluffily blithely pending packages. careful"
460,Customer#000000460,"Gbx5Hnw,ctlI7",11,21-643-955-6555,5222.83,FURNITURE,"old dependencies mold slyly above the foxes. dogged, express ins"
462,Customer#000000462,MSqsCvNEkowp7FnscRXP6OUWm,21,31-157-561-4106,4522.6,HOUSEHOLD,"ly special accounts? ideas engage regular dependencies. fluffily even pinto beans x-ray blith"
463,Customer#000000463,"LV7MN7Tkm2NSo4Q3lwvjxGQyRJjRZRf,M",8,18-167-214-5805,-654.5,HOUSEHOLD," quickly along the final ideas. slyly regular accounts are iro"
465,Customer#000000465,gngnTNn7azjgQlQJnakTZto,2,12-137-838-1346,8432.74,FURNITURE,"es. quick asymptotes integrate carefully alongside of the ideas. even requests believe slyly even ac"
470,Customer#000000470,"v9 gWSuP4WrOjNJRgyJtjbNCChQME",20,30-507-458-4433,3597.53,HOUSEHOLD,"ilent excuses. never ironic requests sleep furiously. daringly f"
476,Customer#000000476,68r87HCBbQkVYaVfes8mgKs,2,12-996-628-9902,5973.1,BUILDING,"sly. carefully quick instructions sleep carefully deposits. final, pending pinto beans use closely fluffily final in"
478,Customer#000000478,"clyq458DIkXXt4qLyHlbe,n JueoniF",1,11-655-291-2694,-210.4,BUILDING,"o the foxes. ironic requests sleep. c"
481,Customer#000000481,"o4xa7J20NqHM8E0ykH,NKe1gPz04OqIn",21,31-363-392-6461,7157.21,FURNITURE,"s can nag slyly instructions. regular, regular asymptotes haggle sly"
485,Customer#000000485,"XeFbvXCQ,J",19,29-434-961-1623,8695.45,MACHINERY,"ecial pinto beans. instructions ought to cajole even"
486,Customer#000000486,2cXXa6MSx9CGU,21,31-787-534-8723,7487.4,AUTOMOBILE,"nstructions. unusual, special pinto beans sleep about the slyly pending requests. fu"
487,Customer#000000487,"oTc,l9dAf8O0qOOMP4P0WFTuGS",2,12-111-401-4259,9749.37,AUTOMOBILE,"as. excuses use carefully carefully pending i"
488,Customer#000000488,bBcMjFPTysSTaTdHcoO,3,13-513-778-1881,-275.58,AUTOMOBILE,"thely above the carefully ironic accounts. excuse"
490,Customer#000000490," 66fG3Fyb946cVQsH9Z3VMNzR,yfHMKIEB",22,32-268-147-7824,-213.85,FURNITURE,"ash carefully never bold instructions. regular, bold asymptotes cajole regularly. quickly bold foxes wak"
491,Customer#000000491,r3zPOuenxHl0oqInxWlEyLP1ZH,0,10-856-259-7548,785.37,AUTOMOBILE," slyly special requests hang dogged, express epitaphs."
496,Customer#000000496,Y8oYLlHme6Z4fEzkTu,12,22-173-644-7922,8174.82,MACHINERY," quickly bold packages. decoys among the blithely pending accounts lose according to the deposits."
499,Customer#000000499,m1hO3VXQVbwTbJ99Hw,14,24-387-817-9149,4293.76,HOUSEHOLD,"old sentiments cajole carefully among the blithely unusual requests. final packages nag careful"
500,Customer#000000500,fy7qx5fHLhcbFL93duj9,4,14-194-736-4233,3300.82,AUTOMOBILE,"s boost furiously. slyly special deposits sleep quickly above the furiously i"
502,Customer#000000502,nouAF6kednGsWEhQYyVpSnnPt,11,21-405-590-9919,1378.67,HOUSEHOLD,"even asymptotes haggle. final, unusual theodolites haggle. carefully bo"
503,Customer#000000503,"7xCLYGLCpFU,toJBIPIrJbLIuLok81h IxK ae5Z",20,30-441-755-3094,3213.66,MACHINERY," even deposits haggle. packages i"
505,Customer#000000505,"MAUkwAyEvg61RlCMomspMs0WzYa,Ns",2,12-530-647-8313,6557.51,HOUSEHOLD,"mptotes haggle around the theodolites. furiously bold accounts detect quickly packages. special pinto beans "
508,Customer#000000508,"q9Vq9 nTrUvx",18,28-344-250-3166,1685.9,BUILDING,"uses dazzle since the carefully regular accounts. patterns around the furiously even accounts wake blithely abov"
509,Customer#000000509,"LHLR0IKQJHVF1 0UvBNPLq0",4,14-115-338-1002,7885.5,FURNITURE,"ily! requests cajole fluffily. slyly regular waters na"
512,Customer#000000512,"e5 kymvjf6Vja7tNsL 3dfiK",2,12-144-416-6035,3937.58,BUILDING,"packages are slyly after the slyly express packages. bold d"
513,Customer#000000513,sbWV6FIPas6C0puqgnKUI,1,11-861-303-6887,955.37,HOUSEHOLD,"press along the quickly regular instructions. regular requests against the carefully ironic s"
517,Customer#000000517,mSo5eI8F4E6Kgl63nWtU84vfyQjOBg4y,10,20-475-741-4234,3959.71,FURNITURE,"al, ironic foxes. packages wake according to the pending"
519,Customer#000000519,Z6ke6Y9J2pYuPBp7jE,5,15-452-860-5592,9074.45,BUILDING,"es. fluffily regular accounts should have to sleep quickly against the carefully ironic foxes. furiously daring"
521,Customer#000000521,MUEAEA1ZuvRofNY453Ckr4Apqk1GlOe,2,12-539-480-8897,5830.69,MACHINERY,"ackages. stealthily even attainments sleep carefull"
524,Customer#000000524,bpsO77xiAmjwOxqIgAszRu4Y,9,19-844-888-9800,5706.19,HOUSEHOLD,"ending pinto beans unwind slyly. slyly final theodolites above the quickly ironic pinto beans haggle ev"
525,Customer#000000525,w0pOG5FhH45aYg7mKtHQhAWQKe,19,29-365-641-8287,3931.68,AUTOMOBILE," blithely bold accounts about the quietl"
526,Customer#000000526,0oAVPhh1I4JdrDafVG2Z8,1,11-170-679-3115,705.93,HOUSEHOLD,"ctions cajole after the furiously unusual ideas. ironic packages among the instructions are carefully carefully iro"
527,Customer#000000527,"giJAUjnTtxX,HXIy0adwwvg,uu5Y3RVP",13,23-139-567-9286,4429.81,HOUSEHOLD,"ending, ironic instructions. blithely regular deposits about the deposits wake pinto beans. closely silent "
532,Customer#000000532,xwWO3lWjgVJTZwhnltyH6zj5ddkzgH8RbF,15,25-875-978-2232,1725.68,MACHINERY,"usly regular deposits kindle. quickly even depos"
533,Customer#000000533,"mSt8Gj4JqXXeDScn2CB PIrlnhvqxY,w6Ohku",15,25-525-957-4486,5432.77,HOUSEHOLD,"even dolphins boost furiously among the theodo"
534,Customer#000000534,"3PI4ZATXq8yaHFt,sZOQccGl  Fc1TA3Y 2",1,11-137-389-2888,6520.97,AUTOMOBILE,"deas. blithely regular foxes use carefully bold accounts-- ruth"
536,Customer#000000536,jf8PSOQDvqQj4uF8,12,22-521-348-9030,3342.75,MACHINERY,"tes? blithely enticing theodolites wake. braids sleep. sly"
540,Customer#000000540,YkaXu3o1X8,16,26-933-117-7482,9195.77,MACHINERY," enticingly express excuses. quickly regular notornis cajole near th"
542,Customer#000000542,XU2ffxnW3TQasrfF0u2KwKWmMarPyY4q7Q,16,26-674-545-2517,3109.96,BUILDING,"r forges! requests alongside of the bold, final deposits"
543,Customer#000000543,JvbSKX7RG3xuqiKQ93C,17,27-972-408-3265,6089.13,AUTOMOBILE,"l, even theodolites. carefully bold accounts sleep about the sly"
544,Customer#000000544,"Jv7vcm,oE,HEyxekXKia1V5H1up23",5,15-572-651-1323,4974.68,AUTOMOBILE,"bout the packages integrate above the regular instructions. regular ideas hinder s"
547,Customer#000000547,"4h SK3dVkE1tQ0NCh",22,32-696-724-2981,6058.08,BUILDING,"y express deposits. slyly ironic deposits nod slyly slyly ironic instructions. carefully quick idea"
549,Customer#000000549,v5uqfeHLiL1IELejUDnagWqP5pKWa9LtoemziGV,24,34-825-998-8579,91.53,BUILDING,"n asymptotes grow blithely. blithely fluffy deposits boost furiously. busily fu"
552,Customer#000000552,EbjtaRaiok7eqbQ5VJi7q,2,12-669-784-2191,1353.24,FURNITURE,"ickly final accounts cajole fluffily according to the bold, regular accounts. "
553,Customer#000000553,"8tTlavJ sT",4,14-454-146-3094,4804.57,BUILDING,"ully regular requests are blithely about the express, bold platelets. slyly permanent deposits across the"
555,Customer#000000555,chm8jY6TfQ8CEnsvpuL6azNZzkqGcZcO8,15,25-548-367-9974,5486.52,BUILDING,"lites are blithely ironic ideas. blithely special pinto beans dazzl"
561,Customer#000000561,"Z1kPCTbeTqGfdly2Ab9KEdE,jIKW",18,28-286-185-3047,2323.45,FURNITURE,"across the furiously ironic theodolites. final requests cajole. slowly unusual foxes haggle carefully"
562,Customer#000000562,"04xjB,zuffnhVyEY0 PeiJPtdjh 0ji",15,25-271-465-6971,9234.5,BUILDING,"accounts. ideas cajole. quick"
563,Customer#000000563,"2RSC1g7cVd,j23HusdkhdCGmiiE",12,22-544-152-1215,3231.71,FURNITURE," pinto beans believe fluffily. excuses wake blithely silent requests. b"
567,Customer#000000567,KNE6mpW69IgTjVN,21,31-389-883-3371,8475.17,BUILDING,"blithe, even ideas. fluffily special requests wake. c"
569,Customer#000000569,Kk20Q5HiysjcPpMlL6pNUZXXuE,2,12-648-567-6776,-795.23,MACHINERY,"sh. blithely special excuses sleep. blithely ironic accounts slee"
571,Customer#000000571,"hCrDDrMzGhsa6,5K4rGXQ",2,12-115-414-4819,8993.23,HOUSEHOLD,"le fluffily. ironic, pending accounts poach quickly iron"
572,Customer#000000572,Nf4Yqb49BqGkzmmtf6,11,21-425-209-5033,7252.65,AUTOMOBILE,"leep. pending requests affix blithely. ironic theodol"
573,Customer#000000573,"BEluH7it7jUcWqb tNLbMIKjU9hrnL7K",4,14-354-826-9743,2333.96,HOUSEHOLD,"as. furiously even packages sleep quickly final excu"
574,Customer#000000574,ratVLdmp070,8,18-676-218-1058,9787.56,FURNITURE,"al pinto beans. carefully ironic foxes cajole idly finally express theodolites. fluff"
575,Customer#000000575,"4K6h0pYH,bg2FS5cYL,qqejhvp7EfTlBjRjeVPkq",1,11-980-134-7627,3652.29,BUILDING," final requests cajole after the ironic, bold instructio"
581,Customer#000000581,s9SoN9XeVuCri,24,34-415-978-2518,3242.1,MACHINERY,"ns. quickly regular pinto beans must sleep fluffily "
582,Customer#000000582,"KqH6uOztVK55zDxLA9kvdtny i5OYXt",3,13-484-591-9280,4879.55,MACHINERY,"carefully against the quickly s"
583,Customer#000000583,"V3i6Gu9,LZtvdnNppXnI2eKQFx0b36WvL,F ",13,23-234-625-4041,3686.07,HOUSEHOLD," haggle. regular, regular accounts hinder carefully i"
585,Customer#000000585,"OAnZOqr6A,,77WC001ck8BAqvJTW6,dRGoRdX",16,26-397-693-4170,7820.26,MACHINERY,"ickly ironic requests sleep regularly pending requ"
586,Customer#000000586,"vGaA9XBtn,hlswFhSjLIXGlLEDD2flE8UXwj",11,21-239-369-7791,5134.35,AUTOMOBILE,"above the blithely express ideas. slyly r"
587,Customer#000000587,J2UwoJEQzAOTtuBrxGVag9iWSUPTp,6,16-585-233-5906,7077.79,AUTOMOBILE,"ve the final asymptotes. carefully final deposits wake fu"
589,Customer#000000589,"TvdYNogIzDfr 1UyJE4b9RTENPmffmIoH",19,29-479-316-3576,1647.05,FURNITURE,"s; blithely ironic theodolites sleep-- accounts haggle around the furiously silent ideas. silent, final packages in"
592,Customer#000000592,"srNO5Hu10z1Ru4rRPU,QpXzFwY8759wqZ",24,34-832-574-7217,9712.75,BUILDING,"lithely final requests use slyly. special theodolites nag carefully-- carefully pending deposits cajol"
596,Customer#000000596,hoByQV2JchlIWfzPFW8I0nCI,5,15-484-811-5482,1722.88,MACHINERY,"ecial deposits after the slyly regular packages dazzle furiously across the courts. accounts wake. reg"
601,Customer#000000601,"P3 Dv,6yllTNmL9yt6NUZZPZjvM2coWJd",1,11-104-635-9839,9768.21,BUILDING,"ly according to the unusual foxes. carefully ironic accounts haggle accounts-- regular dolphins will integ"
602,Customer#000000602,"NCryKIpG3W,FDV2",13,23-434-900-7213,8404.9,BUILDING,"nstructions. asymptotes above the forges are against the carefully "
605,Customer#000000605,QAxZ0IXgCzUfNjseQCLfh95HEi,23,33-269-948-8039,-549.73,HOUSEHOLD,"ly regular foxes are quickly "
612,Customer#000000612,oNFqorGhq3a3woEp5q8xVDX,14,24-818-339-9984,7669.16,HOUSEHOLD,"ns wake quickly quickly ironic accounts. regular accounts toward the "
615,Customer#000000615,"6aITapYMqM1fJQKuJD05Yb,6FhjrW",2,12-639-391-3956,-482.48,BUILDING,"yly. blithely even accounts sleep blithely unusual in"
619,Customer#000000619,"6bxrNxQA oes7cMa23R 5lDmIOIRThvd",24,34-245-618-6317,2336.99,FURNITURE,"ts breach slyly after the slyly regu"
623,Customer#000000623,HXiFb9oWlgqZXrJPUCEJ6zZIPxAM4m6,9,19-113-202-7085,7887.6,BUILDING," requests. dolphins above the busily regular dependencies cajole after"
624,Customer#000000624,L1hGsNrx4BiN5DIZGk7WMsB90T4ag,4,14-558-935-8773,3907.11,MACHINERY,"le carefully. sly asymptotes sleep fluffily unusual packages. final deposi"
626,Customer#000000626,PDeE61VY2Q96efuewIZ,5,15-540-121-5663,5447.12,FURNITURE,"t brave foxes. slyly pending packages wake furiously along the deposits. carefully pendin"
628,Customer#000000628,Vzraru5KbgcC3V,17,27-367-742-4090,4954.25,FURNITURE,"l dependencies. pending warhorses haggle. fluffily final accounts slee"
631,Customer#000000631,"By LIK3TbJ67sJLlpaoOCXZheuX",19,29-864-813-2575,2603,MACHINERY,"bold platelets haggle. slyly even pearls can solve slyly among the final foxes. slyly unusual r"
634,Customer#000000634,"O09TejHJ6UszNfmqTR cmal8zcs",20,30-997-704-1110,6397.58,FURNITURE,"e above the regular deposits. slyly even requests integrate slyly blithely express forges. regular platele"
640,Customer#000000640,"j3vjr0 n,pJFG4gIOtC",2,12-702-315-6637,3025.84,HOUSEHOLD,"lly. furiously quick deposits haggle quickly regular packages. pinto "
641,Customer#000000641,gbIvFlCygHjj5NG7U,24,34-761-987-7777,339.49,AUTOMOBILE,"uriously final requests boost regular, final ideas. fluffily busy packages promise? requests along the bold, s"
645,Customer#000000645,"I,Kso,IZ,AL2rK4HhIB1wRWWrx3 yoaZlFs",11,21-242-974-5799,1146.49,BUILDING,". special packages haggle ruthles"
646,Customer#000000646,"gogI8kweD 2H6U,01lbIp0UWUwljSue,KRcC",2,12-177-329-4316,6074.42,HOUSEHOLD,"ptotes. silent requests cajole fluffily along the slyly permanent ideas. pending instr"
647,Customer#000000647,"2Bx7,7i87h5cagC,ZBz49lyiziLqQoD",1,11-873-931-2886,-132.97,BUILDING,". excuses use alongside of the furiously final deposits. blithely express foxes wake furiously. blithely "
649,Customer#000000649,EntXL7MF4lU,11,21-656-678-1337,9442.55,BUILDING,"unusual deposits engage along the carefully pen"
652,Customer#000000652,"0WlNKsoRqdjU9,5 Qz,bgm5swI,i0Kg",20,30-254-389-5987,-919.65,AUTOMOBILE,"p carefully blithely bold platelets. furiously unusual deposits wake. sl"
653,Customer#000000653,"la,ROBPJ4I2YNzQw,RpbB0sTOjyv3F ZBeWRiQ",11,21-715-573-6928,7307.55,BUILDING,"aggle bravely deposits. even du"
655,Customer#000000655,SceikyyffYL5OUI8rFnAgrT5E,14,24-916-820-5158,1724.68,FURNITURE,"e accounts. unusual, pending platelets are quickly. req"
657,Customer#000000657,BpXQ3sbx8bCU0,19,29-952-164-8914,8729.97,FURNITURE,"ies boost slyly bravely express instructions. fluffily even theodolites integrate s"
660,Customer#000000660,ZD4fphyxb5pyE,0,10-987-901-3986,2110.3,MACHINERY,"ding excuses haggle furiously regular foxes. finally"
662,Customer#000000662,"ss AgOrB5VFubLk bsmTgbw2ddJD",0,10-728-355-4532,4517.33,BUILDING,"ckages haggle: quickly regular ideas are after the furi"
665,Customer#000000665,Fo9QgQsDOP28D3zR,22,32-759-858-2984,-616.79,BUILDING,"y along the special requests. blithely regular waters thrash abou"
666,Customer#000000666,dD32Q8kL6KW,2,12-594-508-9621,4538.54,AUTOMOBILE," special packages boost across the even accounts. ironic accounts serv"
672,Customer#000000672,"Rsq8zHIbqRRB8VlgldFlU56j,0SN ",18,28-774-971-2700,7778.95,BUILDING,"ake. regular requests about the idle asymptotes haggle slyly final, silent packages. carefully special"
676,Customer#000000676,"JzJnD kA3KTjTYl",24,34-710-820-8362,5527.61,HOUSEHOLD,"es. slyly even theodolites across the slyly ironic accounts nag from the slyly even accounts. accounts are. "
677,Customer#000000677,",wTtWOOr  wqX2sL,h79myT6nxG1EgY",3,13-398-309-9122,5582.63,AUTOMOBILE,"ly brave ideas haggle slyly blithe acc"
678,Customer#000000678,"BiQyhSp oiDp,,MFVxyrOwMT810qiQlISEPye",9,19-508-735-4910,6302.93,AUTOMOBILE,"gainst the carefully pending requests-- furiously special requests haggle? not"
679,Customer#000000679,"IJf1FlZL9I9m,rvofcoKy5pRUOjUQV",10,20-146-696-9508,1394.44,AUTOMOBILE,"ely pending frays boost carefully"
680,Customer#000000680,TuONtFVII8TR2QtJyl1lS5f0iagaWWsBm1IQo,12,22-593-663-2200,4366.23,AUTOMOBILE,"kages: final deposits believe unusual deposits: b"
681,Customer#000000681,"x85ncT W41KEcUQCtxE,LD iMNO6j4Hh4x",20,30-809-878-5822,235.53,MACHINERY,"ate carefully. accounts hang carefully along the blithely final theodolites. bravely sile"
683,Customer#000000683,"G0, q8c6vBykpiLvcuSJLYvqE",6,16-566-251-5446,9120.93,MACHINERY," somas use-- slyly express foxes wake quickly blithely iro"
687,Customer#000000687,"UJTC3 WtzvoD39r1GuoCP",21,31-149-119-1456,4999.31,FURNITURE,"special packages haggle carefully slyly ironic pinto beans. sl"
689,Customer#000000689,"Gcie9Q,Wc6J0QvKcefqflajjOtOVchnxqBn9",24,34-325-146-3591,1481.24,MACHINERY,"ions. furiously unusual platelets cajole blithely. caref"
691,Customer#000000691,"0RkDX6OLU1hISYCLmdLD C",16,26-741-688-4189,9566.15,MACHINERY,"p. ironic, regular foxes against the ironic, special theodolites nod carefully quietly unusu"
692,Customer#000000692,"d6XE9sg,  wINvIz8aZS b8n XuhAQU5",19,29-804-421-1703,276.71,AUTOMOBILE,"cuses. slyly even asymptotes doubt quickly. fluffily thin theodolites boost. ca"
693,Customer#000000693,r5gn5SUW0tsfkOw42x84,1,11-391-870-8153,6577.21,AUTOMOBILE,"onic packages. carefully final sauternes across the even, express deposits h"
694,Customer#000000694,"3ToF2HqyF9mEcP1QgW NMN,6,KsFq6x4u14MS",10,20-646-375-1939,2222.65,BUILDING,"efully final requests detect blithely. furiously ironic p"
696,Customer#000000696,"dYyj4azN0EE GqeZxv",22,32-923-916-5643,3778.97,HOUSEHOLD," ironic ideas among the carefully bold foxes na"
697,Customer#000000697,LFwdGCTUYDenZGoA9,4,14-613-651-2263,8121.84,AUTOMOBILE,"he regular pinto beans. courts cajole carefully according to the blithely even theodolites. quickly"
701,Customer#000000701,yQU8LcjocNHkk1hse30M0U1f46MrU6dB,2,12-323-784-5793,148.98,FURNITURE,"c packages. blithely final instructions according to the regular pinto beans"
702,Customer#000000702,BDKtDAva8rBuCWXT6jXb2JJY7YoRS,3,13-549-296-5659,4782.05,FURNITURE," silent accounts. regular, regul"
703,Customer#000000703,ge1GEYt4ewGUiSeqBA4rNB5JhyQ92uKF,6,16-741-513-6919,3998.42,AUTOMOBILE,"arefully final accounts cajole quickly blith"
705,Customer#000000705,YKdZRFEGcclF6rmdoiNCY8,18,28-991-405-7914,3199,BUILDING,"s pinto beans sleep busily. ironic, bold theo"
710,Customer#000000710,"OCLSZuXw1AEK NLvlofMkuK,YNe,bJD40a",22,32-459-427-9559,7412.12,FURNITURE,"ges integrate express, even ideas"
711,Customer#000000711,"EmACeG3r2Y9bxf7KLLgX,ZdQlATjGaafINO",15,25-306-725-3622,9591.51,MACHINERY,"ackages promise. theodolites haggle along the express dolphins. special, special deposits affix slyly final pac"
713,Customer#000000713,"ov fZJgESFHP P",10,20-595-832-3185,3829.03,MACHINERY,"lites sleep slyly furiously express requests. even, even notornis affix furious, ironic p"
714,Customer#000000714,"2,ARep1aMyhgNZqrkc,toQ3XY6FOiCZqNW",9,19-209-782-4244,2438.1,BUILDING,"cross the bold pains. bold instructions haggle. even accounts wake slowly. carefully busy ideas need to x-ray sly"
715,Customer#000000715,"9qLvF42uxUarKl4I 2pEKOMNJmo8Ro5EK",19,29-500-408-6392,85.05,AUTOMOBILE,"hins boost quickly. quickly regular epitaphs haggle fluffily quickly bold pinto beans. regular"
717,Customer#000000717,"TqWi1c aNhdExPcDD7KQ18W",12,22-660-518-8009,8510.94,MACHINERY,"ns poach slyly. carefully express pinto beans ab"
720,Customer#000000720,"8shFEL7J9sq1NJXR8dixBqaTO,kbSx",22,32-575-838-4260,5357.32,HOUSEHOLD,"furiously above the furiously ironic c"
723,Customer#000000723,5tKvCvmVB0yxyAF,21,31-542-178-2520,738.57,BUILDING,"e quickly against the blithely final requests. regular pinto beans nag fluffily fur"
725,Customer#000000725,"fm8t3X05Wm,PQxPSPHZy,rHI,wUBLTFO5S ",16,26-923-317-3870,5030.24,FURNITURE,"ts. accounts after the even pinto beans boost across the ironic, silent accounts. reques"
728,Customer#000000728,"uACufK5vIMlsq,v9d4U5ZWi,",24,34-195-384-1105,4349.73,BUILDING,"re stealthily furiously bold requests. carefully final pinto beans lose slyly"
729,Customer#000000729,"YZxBLBAqBmW53g2ia6s4u,MlJ4WhW",20,30-900-572-2883,8947.26,MACHINERY," packages about the furiously even foxes sleep furiously furiously pending ideas. slyly ironic epitaphs"
731,Customer#000000731,D0ceqTVRO3EctrC,7,17-731-915-9753,9311.17,MACHINERY,"lar dolphins are carefully slyly final theodolites. unusual accounts integrate across the regular, final deposit"
732,Customer#000000732,"tQ,r4voHok7oeKw9msDh4ORGje",16,26-154-285-2634,4830.51,BUILDING,"structions are after the even deposits"
733,Customer#000000733,Ks7Ed2g7zDP905tLGdGcFtomDNchNdaPK2cd,13,23-110-948-6754,4351.09,HOUSEHOLD," furiously. pending, quiet packages nag slyly. stealthy pinto beans haggle "
734,Customer#000000734,xULRxhbfzPT5nBh,18,28-880-175-5173,9750.71,AUTOMOBILE,"tions against the ideas haggle furiously quickly regular forges. carefully final requests solve even,"
735,Customer#000000735,"8Gn WOTY4cgGaoHwezrZ,JN,Px8e sr",5,15-959-576-4327,293.88,BUILDING,"ites. furiously unusual frets boost among the slyly ironic theodolites. packages cajole"
736,Customer#000000736,zQNs5e2aFcVY8MigFQEBtoCaQ9e,1,11-617-726-2039,9114.68,MACHINERY," the deposits. blithely regular asymptotes boost q"
745,Customer#000000745,"vjuHvDKdaomsivy l",18,28-913-438-9403,7115.14,FURNITURE,"o beans. bold, regular theodolites haggle carefully about the quickl"
746,Customer#000000746,"JOKj8N2QKUm8Gi,F4qX0fLVy",20,30-154-354-9928,1164.46,MACHINERY," final theodolites. final pinto beans haggle-- furiously "
747,Customer#000000747,uuichgTY7NjlZaaRZ6S7KzvapZWvAiCUWAQr,8,18-793-504-2931,67.95,FURNITURE,"eodolites. blithely regular pinto bea"
751,Customer#000000751,"e OSrreG6sx7l1t3wAg8u11DWk D 9",0,10-658-550-2257,2130.98,FURNITURE,"ges sleep furiously bold deposits. furiously regular requests cajole slyly. unusual accounts nag unusual ide"
755,Customer#000000755,F2YYbRT2EV,16,26-395-247-2207,7631.94,HOUSEHOLD,"xpress instructions breach; pending request"
756,Customer#000000756,"Lv7cG by4Wyd8Hzmumwp8hSIZg9",14,24-267-298-7503,8116.99,AUTOMOBILE,"ly unusual deposits. fluffily express deposits nag blithely above the silent, even instructions. expr"
758,Customer#000000758,"8fJLXfS5Zup0GQ3xBKL3eAC Q",17,27-175-799-9168,6352.14,HOUSEHOLD,"eposits. blithely unusual deposits affix care"
762,Customer#000000762,"n5QsjD,gTSrdNRoRpvWqS",11,21-757-455-7898,3764.9,FURNITURE," sublate carefully carefully regular deposits. bold foxes along the gifts nag "
764,Customer#000000764,"F8WBznjtO2bX2knXl4ghnsp ixWylkf",16,26-714-322-4800,2061.45,MACHINERY,"tructions. quick theodolites kindle"
766,Customer#000000766,zGTH6uWKoQxIE,16,26-283-847-8946,4677.55,BUILDING,"ly special deposits boost blithely above the slyly ruthless ideas. carefully bold asymptotes unwind about the e"
767,Customer#000000767,"9f3 XsYXdvP0E39ZBi7r7oRCns3PTx,H",17,27-526-143-3959,7647.09,BUILDING,"ngly express dolphins boost carefu"
768,Customer#000000768," ,cIZ,06Kg",18,28-851-493-8588,9618.84,BUILDING,"to cajole blithely express asymptotes. foxes use quickly. carefully special ideas could have to are bravely bl"
769,Customer#000000769,0eGzsjpDFsN0,5,15-102-635-4835,5950.86,HOUSEHOLD,"ggle slyly pinto beans. furiously even excuses above the "
770,Customer#000000770,IjwJR6TjBJZbKIeouH2d,8,18-856-112-5677,2066.79,AUTOMOBILE,"dolites haggle express, express requests. furiou"
772,Customer#000000772,"TBxlR0AAHeSYl0vyK 8joF",20,30-405-614-4887,7555.16,MACHINERY,"ular requests. final ideas sleep. regular, even platelets could haggle blithely bol"
775,Customer#000000775,Cg3M4gTXeIY7llMN2puop7D2,17,27-903-936-7924,1376.67,BUILDING,"ts. blithely regular requests upon the ironic, final courts haggle sly, regular deposits. final requests "
776,Customer#000000776,"rzhIStRHsiWoc6K,7yv3YMqVdrz",15,25-941-650-8313,2669.01,AUTOMOBILE," express accounts. furiously ironic theodolites serve blithely. blithely thin packages are among the eve"
779,Customer#000000779,"2cTZiS4ulZ74edT,RmDnh4ZaCrphMMh Ff2",5,15-940-483-5702,-902.48,HOUSEHOLD,"old dependencies. pains haggle fluffily carefull"
781,Customer#000000781,"FQCAkyfV0 kL3,FNA1OlBjABak",18,28-478-388-5881,6403.62,MACHINERY,"ake blithely blithely final foxes. blithely silent pinto beans haggle furiously. fluffily bold acco"
782,Customer#000000782,"HFuyemzqz0g QhkL",19,29-850-576-7450,-326.32,AUTOMOBILE,"usly bold deposits-- furiously ironic accoun"
785,Customer#000000785,gEkI8kSq8RYgO6tiTA0AB7urZX8s2w03JGwtMi9,18,28-808-670-2983,108.14,BUILDING,"nal theodolites. dogged, ironic deposits wake carefully. slyly regular requests after the furiously ironic "
786,Customer#000000786,"viZtkiJ gbMcPrINM3Ez,33vOJW",13,23-413-365-2022,400.03,MACHINERY,"ccording to the regular deposits. carefully final packages run. slyly final deposits h"
790,Customer#000000790,"CR bzmYYVP",0,10-368-832-9671,2724.98,BUILDING,"riously final requests haggle to the blithely special requests. blithely pending gifts after the carefully silent id"
791,Customer#000000791,3ZWQ5xexnnLDEmxpmbg,13,23-575-775-4059,3694.81,HOUSEHOLD,"posits cajole carefully along the slyly final packages"
795,Customer#000000795,droXvSIcNEElsEYS,14,24-973-990-6608,8443.18,HOUSEHOLD,"packages cajole furiously since the slyly"
797,Customer#000000797,"bdGkzA5duas6LZ1ywB96K6Av3x 99q95h",0,10-994-609-7082,3063.11,HOUSEHOLD,"iously regular packages mold fluffily. express, idle accounts nag furiously across the carefully ironic req"
799,Customer#000000799,LVk8ljWeIYTQQFMKCmxEeRpWQT,12,22-909-693-7833,2263.25,MACHINERY,"ets haggle. busily final packages nag carefully after the bo"
803,Customer#000000803,zm7Xs6RJJJfZ,18,28-855-429-9109,6003.09,BUILDING,". blithely special instructions"
804,Customer#000000804,"u6xYwCLD,Vd4ODt8",24,34-861-760-4796,3.43,AUTOMOBILE,"usly. final accounts integrate slyly above the furiously sly pinto beans. furiously unusual ideas "
811,Customer#000000811,Rau3ADOLCNXM42D6fjQTFuueQce2BHw9r,15,25-575-731-2159,9010.02,BUILDING,"kly pending foxes dazzle fluffily after the furiously bold packages. fluffy"
819,Customer#000000819,"cug3zDy qHUaZMQNEtYlWK3R,mGrid4Of",12,22-424-990-1743,2152.05,MACHINERY,"y final accounts sleep slyly express ideas. carefully express foxes sleep. carefully stealthy pin"
821,Customer#000000821,PVdTfF7cfPueJS0MBncE5v4bKfPV64Zg,5,15-901-460-2033,2691.42,FURNITURE,"wake carefully. slyly express deposits wake furiously among the fluffily final deposits. pa"
822,Customer#000000822,"ZoRr18ZiDTtkRduo6PO60gNRg,b46zOe QdS8B",13,23-410-801-1644,736.47,BUILDING,"ding dependencies hang alongs"
823,Customer#000000823,HuoOuJLxx7S8YDQhexfmIX,0,10-109-430-5638,738.79,AUTOMOBILE,"l requests are against the slyly ironic pinto beans. blithely unusual packages wake alongsid"
824,Customer#000000824,"qHxq5m g6Ug,SDq7R17",18,28-454-124-5859,6840.29,AUTOMOBILE,"ffily unusual packages. furiously final ideas "
828,Customer#000000828,"0PkG ELwBIgU4AsNcjDc5Q,9Gj",23,33-108-680-4317,7059.68,BUILDING,"cial instructions. accounts nod special accounts. slowly even deposits belie"
829,Customer#000000829,"4oht3f64ZWA1,ACbBP9DNxjjG1CbIqOCK",8,18-404-707-6095,4086.56,MACHINERY,"deposits cajole slyly ironic, express packages. asymptotes cajole ruthlessly "
830,Customer#000000830,4fNmWCmfys1jUI,23,33-408-548-6806,7775.65,AUTOMOBILE,"ironic packages integrate alo"
832,Customer#000000832,eNIy9PatAWlh0,19,29-264-864-8387,-201.49,HOUSEHOLD,"the special ideas. finally ironic accounts doubt. slyly regular ideas"
837,Customer#000000837,mMNC8wjT5aC655e3,9,19-572-730-8324,2701.29,BUILDING,"he bold, pending theodolites. special, bold accounts haggle. blithely regular ideas nag fluffily regular packages"
851,Customer#000000851,H9HRTaOz4yI9elrUUiS,9,19-678-843-9850,1144.23,FURNITURE,"cross the final packages. blithely ironic excuses serve slyly about the final accounts. fluffily"
854,Customer#000000854,"flSR,SlEXwxrDcm3uedfK1Oiq,c9mZI",0,10-544-967-2382,3393.86,AUTOMOBILE,"t slyly after the furiously even escapades. carefully regular pa"
857,Customer#000000857,TFCCMlSEyrItYvEZy068NhrUxJz,5,15-856-649-3113,7537.16,AUTOMOBILE,"g to the deposits cajole furiously final deposits. furiously silent dependencies agains"
862,Customer#000000862,"zkaZ,iOp8t9MBK9T,JIPGL5hmBmK,xjkjHEP",2,12-479-479-6941,2338.92,MACHINERY,"yly regular foxes sleep. quickly ironic foxes use furiously express deposits! carefully regular"
863,Customer#000000863," oaBBxuQLKPawG1yqOc7cyVhOezCy",3,13-801-392-5922,5274.52,AUTOMOBILE,"d accounts detect. bold pinto beans against the slyly ironic"
865,Customer#000000865,UIv4t5cbA7j1ftOSatj2EKah3p,9,19-245-153-1471,3016.38,BUILDING,"nic deposits print blithely slyly final accounts. special, express accounts are fluffily a"
871,Customer#000000871,KcLmBKitbx7NvU7bpu9clIyccxWG,20,30-933-714-8982,-395.89,HOUSEHOLD,"ts. blithely silent courts doze. regular atta"
874,Customer#000000874,"rdo knkGhtvpH6dbLkQon8QsrK1z4LFUpaVDTOn2",0,10-886-494-4217,5391.74,AUTOMOBILE,"st the deposits. furiously even requests cajole slyly. bol"
875,Customer#000000875,8pQ4YUYox0d,3,13-146-810-5423,-949.28,FURNITURE,"ar theodolites snooze slyly. furiously express packages cajole blithely around the carefully r"
877,Customer#000000877,uYO2BKogrHcOcHEgzjlmZAa1QYyR45i8,16,26-400-912-7812,1755.33,MACHINERY,"packages cajole carefully. slyly regular pinto beans bo"
879,Customer#000000879,EJcG18hFrS0SPT0yvl1b,2,12-878-466-6505,2235.2,HOUSEHOLD,"ntegrate by the carefully special requests. dolphins sleep e"
880,Customer#000000880,"ogwHmUUFa1QB69pAoYAAoB0rjbdsVpAQ552e5Q,",8,18-763-990-8618,-77.63,FURNITURE,"regular requests. regular deposits ar"
882,Customer#000000882,hsKaXwHCLD,2,12-437-842-6799,1650.12,HOUSEHOLD,"ts. quickly regular packages alongside of the furiously silent theodolites nag slyly after"
884,Customer#000000884,5KyisO0Tv9ZtlJhzyI7vAe88,21,31-483-489-6172,1601.6,FURNITURE," among the quickly express theodolites. accounts sleep furiously along the special, pending depende"
886,Customer#000000886,QOTGbGPJjNPD7IrfAILA1da,12,22-771-691-7229,1194.33,AUTOMOBILE,"slyly even foxes according to the pending, special accounts use carefully against the courts. regular,"
897,Customer#000000897,nW1X1Hl9uWycuBEu3F3,6,16-988-776-4568,1999.42,MACHINERY,"riously regular ideas sleep into the final, unusual"
899,Customer#000000899,Th5XO5ImeCe9nHFQfQMCkNcmf5WHSeYQaR5TJ,2,12-594-534-9654,8605.53,FURNITURE,"rding to the furiously unusual accounts. express, express accounts nag furiously. ide"
901,Customer#000000901,QUyXt94YM6Ou6rDqK,12,22-202-667-4372,938.35,HOUSEHOLD," foxes maintain. theodolites sleep above the regular deposits. slyly bold excuses boost careful"
902,Customer#000000902,A1hnMyYPSkXf7QgOPD2H,4,14-209-883-5797,5858.48,AUTOMOBILE," sometimes regular epitaphs. furiously regular gifts against"
904,Customer#000000904,YdJEbNygDU6DrgWXQY6orasq,5,15-940-929-4572,9562.82,BUILDING,"nic dolphins alongside of the slyly final ideas run"
910,Customer#000000910,Qg8TJTCT1mJ9H,9,19-899-463-4292,5794.69,BUILDING,"uctions. silent requests after the regular theodolites haggle furiously across the ca"
914,Customer#000000914," LErnJFeOuDeMgvVzPKHS",5,15-915-758-7313,1230.79,MACHINERY,"accounts. slyly final attainments boost slyly express, pen"
926,Customer#000000926," 3b8K2YhfbGDJOpSAUrvq82MnkhHBdwL",16,26-783-803-1329,274.5,AUTOMOBILE,"ly quickly unusual foxes. fluffily regular ideas among the regular plat"
939,Customer#000000939,jYaDdfxAlL1aVKPfN,19,29-627-844-1293,8059.51,FURNITURE,"ages integrate carefully. sometimes even sheaves wake sometimes unusual ac"
948,Customer#000000948,yxBr7nLGxxwECEk,17,27-125-968-3750,4346.9,AUTOMOBILE,"he final, even deposits. furiously special pl"
958,Customer#000000958,OrOUBBV7NlzVFXtuSOECmQFOkw8r,5,15-455-954-2914,1791.65,FURNITURE,"s deposits. blithely even packages sleep carefully ironic deposits. quickly ironic accou"
959,Customer#000000959,"O FdrkZxCx PK",4,14-546-329-6898,3266.14,FURNITURE,"press accounts wake busily after the furiously final theodolites: fluffily final deposits above the carefully iro"
961,Customer#000000961,"5,81YDLFuRR47KKzv8GXdmi3zyP37PlPn",12,22-989-463-6089,6963.68,MACHINERY,"e final requests: busily final accounts believe a"
962,Customer#000000962,"lDp572JGdrL34kB YOQuC",4,14-792-232-1645,7557,BUILDING,". carefully brave foxes wake furiously final orbits. furiously pending theodolites along the bold the"
965,Customer#000000965,"UigBc,9d1iLtQAVatnWACSDc9mNx0mYl",2,12-893-735-6415,4768.8,MACHINERY,"lly enticing pinto beans haggle requests. evenly express grouch"
966,Customer#000000966,V9c8SR8WK7wEd,8,18-539-933-5176,1283.26,MACHINERY,"ts. regular accounts cajole about the ideas. slyly unusual idea"
970,Customer#000000970,DXEgz7JHSFW401,14,24-266-486-1615,3623.6,MACHINERY,"ronic requests sleep slyly at the slyl"
971,Customer#000000971,"z29DUY Utsi6mWKI",1,11-256-718-6928,3914.88,AUTOMOBILE,"ular theodolites haggle carefully: f"
973,Customer#000000973,FT4jTOdVCpmYW,0,10-749-928-5415,3229.18,FURNITURE,"sly special requests integrate carefully along the special foxes. regular, silent"
979,Customer#000000979,DvzUxD35ohKtUnalLGO9kDsCzZxtfcjO,18,28-113-574-4962,7055.13,MACHINERY,". accounts wake carefully special accounts. de"
985,Customer#000000985,"0uAMe1ICB,wts4STD4eLL",23,33-408-194-5161,2701.21,HOUSEHOLD,"gular deposits among the thin instructions haggle since the furiously final packages. ideas use. regular i"
987,Customer#000000987,"SO 0UTuH26eduKI",8,18-887-394-2506,9850.64,AUTOMOBILE,"eposits. even packages cajole boldly bold ideas. even, regular accounts haggle. packages among "
992,Customer#000000992,"Vbi1NGfPeKw,XU",5,15-262-535-3924,5027.75,MACHINERY," across the regular, pending requests. slyly ironic accounts wake furiously about the pending, regular "
997,Customer#000000997,85KMCT2D2RIGayG99ozpk85ppHE6i9gJE,17,27-218-645-5219,367.03,FURNITURE,"ven asymptotes. carefully regular packages are blithely. special requests according to the care"
1003,Customer#000001003,lE07lPMzVzMhG9CUC54uPwGw3BWO,21,31-716-397-1854,7894,AUTOMOBILE,"quests sublate blithely blithely special dependencies. excuses use busily express pinto bea"
1008,Customer#000001008,"AfP6tFNz1Eu4buoUd,HrZAld340 xz2wbQ2",2,12-115-571-7897,8191.74,HOUSEHOLD,"press orbits affix furiously pending packages. courts alongsi"
1011,Customer#000001011,"6m8KP FxT4nnHgoc4CN70TVLW1X5Q",5,15-736-809-3168,1188.94,BUILDING,"uriously express asymptotes. u"
1013,Customer#000001013,"k5rfeOtchP1  w",15,25-725-599-1183,-951.53,BUILDING,"idle packages cajole regular asymptotes. carefully express forg"
1019,Customer#000001019,VMFs38VlBt01g30PzPyliiAoGHazC4HG74JJ,21,31-502-683-3413,2114.53,FURNITURE,"quickly special ideas about the courts use of the pending instructions. furiously final accounts c"
1021,Customer#000001021,"m h2wQbujQnQOrcf109reW0 o",6,16-469-554-5196,1286.76,MACHINERY,"courts could hang quickly express epitaphs. foxes haggle above the carefully unusual requ"
1022,Customer#000001022,"lP,9H6e6mQwLsWYYr2Y",8,18-733-553-2195,9605.83,AUTOMOBILE,"ending packages. dependencies along the slyly pending dependencies wake carefu"
1027,Customer#000001027,GNaw4RXXMr,2,12-278-154-5262,4946.21,BUILDING," final requests haggle. final, even sheaves maintain carefully above the even ac"
1028,Customer#000001028,"NxmOhIN,w45aogQ1hZSvqoz0 8nrbdkaiZOe",10,20-582-119-3249,1915.53,AUTOMOBILE,"ly unusual, even packages. fluffily special foxes across the furiously final asymptotes main"
1030,Customer#000001030,Xpt1BiB5h9o,8,18-759-877-1870,6359.27,HOUSEHOLD,"ding to the slyly unusual accounts. even requests among the evenly"
1033,Customer#000001033,WOozPuOF8UdYMwjF5,8,18-470-380-2978,81.06,BUILDING," to the quickly final packages. carefully slow accounts use blithely slowly permanent requests. un"
1034,Customer#000001034,"Fn5qqb64TSKuJWz4f8GpPkF,c3WY3yqjsV,GgHu",5,15-370-179-6631,7349.82,HOUSEHOLD,"bout the ironic requests-- packages wake. requests haggle silent, "
1036,Customer#000001036,fxujgj8DOFO6oKrH,8,18-791-577-7691,1766.23,BUILDING,"ins sleep. slyly express platelets cajol"
1046,Customer#000001046,umgqzlyUW3AYz2C39YMhIgf,10,20-890-161-8958,2311,BUILDING," accounts. carefully regular theodolites run fluffily carefully e"
1051,Customer#000001051,"iHS,UFudVOOe",2,12-869-221-1428,9776.39,HOUSEHOLD,"cuses boost furiously silent deposits. quickly silent requests integrate quickly bold asymptotes; slyly regular ide"
1055,Customer#000001055,Z3AggyEMPME2hqqTfbMC76O0z,7,17-802-131-7180,639.93,HOUSEHOLD,"dolphins: furiously ironic pinto beans above the carefully regular foxes nag slyly across th"
1056,Customer#000001056,8u1rnDOcvU109,5,15-325-285-5215,6287.12,HOUSEHOLD,"leep except the foxes. packages eat enticingly along the requests. even "
1060,Customer#000001060,aWJkU6JJJOvgaKPOAJJc,8,18-290-794-6133,2840.59,HOUSEHOLD,"ter the bold, regular ideas! deposits eat. daringly unusual theodolites sleep alongside of the regular, fina"
1067,Customer#000001067,"g25CH,fhra",23,33-764-123-9568,9153.84,FURNITURE,"ackages are furiously carefully even dependencies. idly final"
1071,Customer#000001071,"PgCAYL2LEwE7v7Pk4dYpRe Nn7MN8wVzYbA2qtj",16,26-350-231-6183,4033.56,MACHINERY,"ar accounts. quickly regular packages sleep bold ideas. slyly pending asymptotes a"
1073,Customer#000001073,KEyFI2gYMZrSVbMMMIf,10,20-774-197-6595,8217.23,BUILDING,"fter the blithely regular pinto beans. express asymptotes sleep special pa"
1085,Customer#000001085,pZgtHRGIkUVwiEJLWZXs3KUNi6wLnQzJU1,21,31-831-702-3157,5275.88,BUILDING,"he carefully regular courts use special excuses. ironic deposits along the blithely even sauternes nag slyly"
1090,Customer#000001090,P2JDHFVxjU,15,25-711-934-6343,5212.43,AUTOMOBILE,"ffily even packages wake quickly "
1091,Customer#000001091,"4ye7wJ3gU92RZCpwTtDi8Ws,",17,27-336-955-4882,-710.53,BUILDING,"y. carefully ironic excuses sleep quickly fluffily even requests. fi"
1095,Customer#000001095,"JtyQvLlCI ZPYQ6ygv,5q",9,19-881-259-2391,6221.26,MACHINERY,"foxes. ironic, daring requests sleep regularly across the blithely"
1098,Customer#000001098,XVJb1HxQeLu9x,22,32-206-732-5183,1009.22,FURNITURE,"evenly unusual deposits. slyly even ideas according"
1099,Customer#000001099,"2ZiU64au LN0 GUxY8",1,11-128-186-5241,8990.07,AUTOMOBILE,"ckages: blithely ironic theodolites cajole furiously. f"
1100,Customer#000001100,"PGXj,,vjAfMNLzd",12,22-880-206-7392,9189.75,BUILDING,"ideas. furiously final sheaves integrate. pinto beans haggle slyly according to the furiously ironi"
1103,Customer#000001103,"kbYrf d uR",16,26-307-423-8860,4878.1,AUTOMOBILE,"n accounts cajole across the even pinto beans. quickly express pat"
1106,Customer#000001106,WZEExIU9g2smcowcinj,21,31-214-739-2409,9977.62,HOUSEHOLD,"requests nag. fluffily regular packages haggle q"
1109,Customer#000001109,BJCfTYEV9eCDraeyO3v,22,32-194-697-1794,3387.22,FURNITURE,"r accounts. bold, final pinto beans wake carefully even Tiresias. quickly busy frays above the blithely ironic de"
1115,Customer#000001115,"Elvb2a3FinAzxw ",5,15-356-145-6356,-178.52,BUILDING,"ending instructions thrash blithel"
1117,Customer#000001117,80NfzBRWj5tUUaRdnsFE7Eg,23,33-461-439-5684,2829.07,FURNITURE," ironic deposits need to haggle furiously. furiously bold deposits use among the carefully ironic"
1119,Customer#000001119,ER5vABifV766q5f0FN7l2eN7MIg2lO,20,30-789-716-6850,3971.65,AUTOMOBILE," pinto beans maintain slyly even instructions. regular acc"
1120,Customer#000001120,"UAG90slCmJS7JOP AhlV12tYD3yUiyB1p2hxZ",2,12-938-579-7156,1543.64,AUTOMOBILE,"r theodolites boost. slyly final pinto beans sleep blithely unusual accounts. fluffily even multipliers "
1123,Customer#000001123,"pO80QGjK7S0Kmoh46dViD K4OSEVDyiJ53CN",16,26-983-192-5480,9786.36,MACHINERY,"s carefully ironic packages. accounts boost boldly fluffily even gifts. slyly final fo"
1128,Customer#000001128,"72XUL0qb4,NLmfyrtzyJlR0eP",0,10-392-200-8982,8123.99,BUILDING,"odolites according to the regular courts detect quickly furiously pending foxes? unusual theodolites use p"
1142,Customer#000001142,b7ytiiX7E9,16,26-191-682-8920,3273.08,AUTOMOBILE,"doze slyly. furiously pending deposits cajole fluffily carefully pending packages. boldly regular"
1143,Customer#000001143,9tfTGdYHyZXtXbbeboPIXwCT,4,14-568-471-9747,8655.98,AUTOMOBILE,"e carefully final packages integrate against the furiously express platelets. ironic ideas wake above the e"
1144,Customer#000001144,"DGLUWG9evYLNbYhOXVzqZ LdfIMVfBjDf",1,11-336-453-4489,4189.04,BUILDING," ideas. even, regular excuses after the ironic requests cajole blithe"
1145,Customer#000001145,"6R rPD6SDQPpFuYxxwh,Dv1PeusmP,C6cNcI",2,12-270-756-2968,3249.25,HOUSEHOLD,"e. asymptotes sleep fluffily quiet requests. even theodolites among the fluffily regular pinto "
1152,Customer#000001152,QRmFl9ZkoBDQ7,12,22-471-341-5516,5680.15,HOUSEHOLD,"oost along the quiet, bold foxes. ironic dinos nag fluffily final pinto beans. blithely regular deposit"
1154,Customer#000001154,7RqtNwcSPbaUKaC,19,29-797-132-6916,1498.46,BUILDING,"thely. furiously regular accounts above the ironic platelets wake slyly blithely bold pint"
1157,Customer#000001157,3rchTZwilGpffMz1MfpnkFfWBtOIdgmvvS1E7sJj,20,30-741-794-9826,6013.09,HOUSEHOLD,"equests. deposits cajole quickly slyly spe"
1161,Customer#000001161," QD7s2P6QpCC6g9t2aVzKg7y",19,29-213-663-3342,591.31,MACHINERY,"ly alongside of the quickly blithe ideas. quickly ironic accounts haggle regul"
1168,Customer#000001168,gmAnpwPPg0LX4,17,27-608-883-2632,6194.65,FURNITURE,"ses run according to the regular instructions. slyly regular foxes around the furiously ironic theodolites use fl"
1171,Customer#000001171,"GatOC LsLU9MkgyaNMYH",8,18-457-394-2863,7658.97,HOUSEHOLD,"c dolphins. accounts are slyl"
1173,Customer#000001173,6Abj72jR5Z0GYQMZKBmiQxW,18,28-409-365-6392,182.59,FURNITURE," ironic accounts above the ironic excuses haggle fluffily furiously regular packages-- slyly regular gi"
1176,Customer#000001176,V0xc0tXNMmObuUJ0rGARp6YIw4fo84CD,10,20-141-903-5936,5827.59,BUILDING,"ven accounts boost after the accounts. slyly silent accounts use fluffily amon"
1179,Customer#000001179,JLtS3n1xDqnNFS5MZc5uZHOjDctAJEl,19,29-311-833-9211,3336.25,AUTOMOBILE,"ress, special accounts sleep slyly about the carefully express packages. f"
1181,Customer#000001181,ZFFYipzTg0vSjOhPbcBUgPK9se,10,20-330-305-8843,9180.5,AUTOMOBILE,"gle about the busily special theodolites. furiously ironic deposits haggle beside the furiously special accounts. "
1190,Customer#000001190,"JwzW9OtxFRXDnVo5hXl8 2A5VxH12",15,25-538-604-9042,2743.63,MACHINERY," regular deposits according to the pending packages wake blithely among the silent inst"
1192,Customer#000001192,8DbtM3KloBZ4OO1dRrF99,20,30-904-936-4914,3231.33,BUILDING,"efully final packages use. slyly pend"
1194,Customer#000001194,NzWKbiPK1oFd7PNz,21,31-155-275-3981,7582.29,FURNITURE,"lve quickly according to the carefully regu"
1197,Customer#000001197,9A1LTDf0KbR,0,10-254-891-7835,9261.05,FURNITURE,"ording to the slyly ironic accounts. carefully final instructions haggle. special, unusual foxes haggle enticing"
1200,Customer#000001200,2PFysvL4pk80l,22,32-890-210-4199,3765.05,HOUSEHOLD,"nent frets. blithely bold pearls thrash across the r"
1203,Customer#000001203,9pTq4gggfKoSqQetn0yJR,16,26-370-660-6154,5787.69,MACHINERY,"osits nag furiously final accounts. silent pack"
1206,Customer#000001206,"dxzjW0gykcG2kJ gN8hZV02q6U5T6uVNfP",20,30-716-117-6066,8437.76,HOUSEHOLD,"ng the ironic accounts. regular requests across the quickly bold deposits wake carefully across the"
1213,Customer#000001213,4ATLYSTcqLfgAJLxL7U,7,17-548-151-7684,8555.12,HOUSEHOLD,"ong the deposits. quickly express deposit"
1216,Customer#000001216,CSf1BbFhJhucmvftOwYLQACMEqgXj,3,13-673-633-4561,2155.06,AUTOMOBILE,"eposits. slyly ironic dependencies haggle quickly. slyly close orbits above"
1218,Customer#000001218,JYNvUpFG0dDy7aJNhl2zLyIxUGqZZ35ncUe,22,32-299-871-1751,8801.73,AUTOMOBILE,"packages hang against the unusual, unusual accounts"
1222,Customer#000001222,hn6SzlP4Dq8F89iOXH0tjIgsz0uBCiBM,11,21-709-519-4959,3883.18,AUTOMOBILE,"riously special theodolites nag slyly. slyly special ideas sublate quickly across the slyly un"
1223,Customer#000001223,",I0bRfCGE5ssaX4V3",11,21-659-745-8411,-413.03,BUILDING,"oxes. bold foxes detect always furiously special platelets. fluffily bold depende"
1227,Customer#000001227,GiT5IrOJ1zJTZErbFt1Jy6Gj,23,33-468-642-3107,3335.72,FURNITURE,"fily atop the bold, unusual theo"
1233,Customer#000001233,KdmXav1IIIo,15,25-522-912-6255,3649.49,MACHINERY,"ymptotes according to the ironic deposits use around the reg"
1236,Customer#000001236,pTEEPYlnQBzi558CN7LJ5UTdvO,11,21-699-526-9355,3600.95,MACHINERY,", pending excuses wake slyly pending accounts. asymptotes wake fluffily against the ironic, bold pack"
1237,Customer#000001237," CQEeqR ,cVU7Bby",20,30-415-666-7691,8156.62,BUILDING,"the bold accounts wake blithely across the deposits"
1238,Customer#000001238,"HGCJI27,RIIQcS20,DcJbMQuUmN3Vhzdm",6,16-302-171-7578,4299.22,BUILDING,"ly special requests. unusual, special asymptotes according to the blithely express pinto beans wake en"
1239,Customer#000001239,",K7wNII9jhC ,",20,30-786-518-4678,6936.72,FURNITURE," are alongside of the requests. s"
1240,Customer#000001240,XbvhyAXRkuujtESRmxeD9eQpYSkiCa,4,14-650-555-5310,5439.44,FURNITURE,"ans above the slyly regular ideas cajole furiously across the regular, regular decoys. furiously final asymptotes s"
1244,Customer#000001244,I3DrbiKwP3dxs1jF0iDwXh,5,15-881-433-2257,-942.8,BUILDING,"old deposits alongside of the packages are "
1245,Customer#000001245," xLnSgzY70qTKPF753",4,14-500-764-3702,3196.66,FURNITURE,"haggle slyly at the carefully pending excuses. slyly pending theodolites use re"
1249,Customer#000001249,x9ukZnNiUM5pBPXyE3epagewVQBPZzxGYD6sMH,7,17-866-269-1165,448.49,BUILDING," the ironic packages sleep carefully express theodolites. even, final deposits across the even deposits nag after t"
1251,Customer#000001251,"4AjU4c4D4AMLwQx,lAJGwBIgmT7oSZwYUv0es3J",24,34-741-256-6399,7267.76,MACHINERY,"ckly regular accounts affix slyly carefully unusual "
1252,Customer#000001252,"u2OUDBxaayX4WhrftcM,",12,22-604-782-7617,3279.84,MACHINERY,"eans might impress about the bold requests. bl"
1255,Customer#000001255,"UC6I32JjBU62t4WgDe e2pDYbuM3VAt4MPM",14,24-359-633-2713,6487.71,FURNITURE,"s deposits sleep. blithely ironic dependencies wake. blithely even theodolites sleep. blithely "
1274,Customer#000001274,eHJnE7ytBm,24,34-152-721-6307,126.97,AUTOMOBILE,"nts are enticingly above the furiously"
1277,Customer#000001277,2ETOoQWtvxqp,14,24-502-746-4128,-52.35,BUILDING,"oss the packages. packages doze car"
1281,Customer#000001281,pekyJqzeIQKGO8TeLvXgH8HR,11,21-124-963-7614,8182.42,AUTOMOBILE,"the furiously quick deposits. slyly regul"
1287,Customer#000001287,8CaksGsCJOK3oUm1kUsQ,15,25-493-734-3918,7461.69,MACHINERY,"e quickly silent courts. furiously even packages among the ironic ideas integrate slyl"
1290,Customer#000001290,0Q9URl0Y3rJWt9GYZF,24,34-837-161-2672,8108.42,MACHINERY,"s use across the express requests-- carefully bold foxes cajole slyly slyly express pinto beans. ironic request"
1297,Customer#000001297,4QnYEe0KXOP3yridKldXROs7jQdMu9tE,21,31-579-682-9907,6074.01,HOUSEHOLD," pinto beans! furiously regular courts ea"
1299,Customer#000001299,vm2THnXrMKrn5xvPL88EMT9QntU,11,21-150-179-4763,808.39,HOUSEHOLD,"sheaves promise furiously alongside of the slyly pending platelets. pending dolphins at the furi"
1300,Customer#000001300,VmW1dNLVaQY0ud6Csa5WHWuV8,23,33-581-399-6027,-370.44,BUILDING," x-ray furiously regular deposits. final, silent theodolites are slyly pending ideas. final dependencies"
1308,Customer#000001308,"Ndovi7D9gJ u1gjQwYOkIARup6VzhQFCHHmSMw",18,28-560-833-2066,9290.53,MACHINERY,"uickly even dependencies. unus"
1309,Customer#000001309,"xaOhk73bjekYrVc5zZ36c,GuZUxsMHjo7WH9WVe",10,20-821-905-5952,-922.69,AUTOMOBILE,"nusual excuses. ironic deposits are furiously ironic frays. blithely ironic platelets are evenly regular package"
1311,Customer#000001311,"rcff2L75vK5EOUaPK DiDz6atB",13,23-647-279-5735,8713.24,FURNITURE,"nd the regularly unusual foxes. regular asympto"
1313,Customer#000001313,"Ax4TI4jbHvaYUaaFuEUQTiMWQvrjez G",23,33-623-834-3089,889.11,MACHINERY,"ely. carefully pending foxes was furiously special, special "
1322,Customer#000001322,35jI39rgIHCI4Pwvpy1beKgL0,13,23-207-256-7245,2621.71,FURNITURE,"tes cajole. blithely express request"
1329,Customer#000001329,"Q3 pefFAcrEYPQ6J AC",17,27-945-826-8003,4645.91,BUILDING,"quickly silent requests affix blithely slyly bold instructions. furiously even packages dazzle whith"
1332,Customer#000001332,1JMz4nbClfcxmzPyWyJK,18,28-560-351-6594,3323.04,FURNITURE,"ing forges. foxes haggle fluffily. express, final excuses sleep slyly blithely express dependencies. "
1337,Customer#000001337,ACAMJe2Xdw2BCgHrGMd0BX,22,32-528-594-1931,7882.44,MACHINERY,"n, express gifts. express, fluffy pinto beans sleep. regula"
1338,Customer#000001338,"8Nx5v3cKF MK3ejHdMUgcY,FNZZs1",20,30-763-866-5779,5139,BUILDING,"te quickly above the regular packages. thinly re"
1342,Customer#000001342,FD6UNqfsYMKkf3ZFZdI4EaYMZ,16,26-340-733-2096,1520.34,MACHINERY,"y around the final, special foxes. "
1344,Customer#000001344,95XSwEZD22AZln3RB,5,15-307-682-9911,2113.32,AUTOMOBILE,"after the furiously ironic foxes cajole slyly unusual, pending reques"
1348,Customer#000001348,CgtcDDYMnvsgI1uozRj,23,33-360-732-3579,459.22,MACHINERY,"s cajole furiously among the ironic deposits. carefully bold pinto beans wake carefully against the carefully"
1349,Customer#000001349,"HvlnFsKOdm39Ge4VPgzE,UN",18,28-950-527-8728,4967.24,AUTOMOBILE,"ges. final ideas nag furiously against the fluffily express accounts. "
1350,Customer#000001350,"fc,TCo2zqB9T3C5IbaGkfV3,hLqLr",3,13-486-903-2349,3339.51,AUTOMOBILE," regular, ironic ideas are carefully against the silent packages. careful, "
1352,Customer#000001352,XW4X8ComPo5mlyrgLn,20,30-631-606-4317,5570.69,FURNITURE,"en escapades after the furiously special accounts use slyly regular grouches. fluffily final pinto bean"
1355,Customer#000001355,c1r6G98ixzLQkvUV2KphsFwhYvpDo18oToGB,20,30-918-883-1662,2351.1,AUTOMOBILE,"anent dependencies are blithely above the quickly silent escapades. requests sleep. final foxes sleep slyl"
1356,Customer#000001356,"3SLzAiW4PihnFUE243 AHKkwtL1PCj",5,15-656-712-5740,927.39,HOUSEHOLD,"fully pending deposits. carefully unusual accounts"
1357,Customer#000001357,"S1bDHNFkDEi,Gbsc3",15,25-242-146-4223,8627.9,BUILDING,"osits boost pending packages. slyly pending deposits along the requ"
1360,Customer#000001360,xeaT6W6D569UKCKU86iK9b6aUanlra,19,29-574-552-4018,1422.57,MACHINERY,"nt packages affix quickly furiously regular foxes; quickly "
1362,Customer#000001362,FKywgbtf4ib,7,17-801-385-5904,3718.92,MACHINERY,"gouts. quickly silent foxes affix after the ironic, special accounts. carefully bold d"
1365,Customer#000001365,"DOifjgJKjlSgnpPJ3cHLl2yi EseDZbg3",17,27-358-301-5393,2207.81,MACHINERY,"ironic requests use blithely according to the slyly ironic patterns. carefully regular excuses about the c"
1369,Customer#000001369,rXTwOzU0a2ak4Nj5L5b1aLij,10,20-232-617-7418,498.77,AUTOMOBILE,"ong the ironic ideas haggle slyly above the courts. packages engage blithely. pend"
1379,Customer#000001379,rqYSBCMywMKnfcp2DwotVqI,6,16-695-982-9623,1008.26,MACHINERY,"sly ironic requests cajole fluffi"
1384,Customer#000001384,bQI5haTy6PHM8MyRtKSlvU4ixAUg,8,18-788-299-9227,1534.38,HOUSEHOLD,"tes. regularly pending theodolites cajole even sheaves. stealthy, ironic ideas are furiously above the even p"
1389,Customer#000001389,"ORf,IQyXsXJ1svlQ,5U",19,29-865-304-6982,1111.02,FURNITURE,"posits. accounts are carefully. carefully express deposits cajole-- slyly bold dugouts wake according to "
1395,Customer#000001395,XJoxiYIaBYgEE,23,33-291-909-3901,8733.39,MACHINERY,"tions sleep carefully. furiously final requests about the regular excuses a"
1397,Customer#000001397,"1bk KBemIEsKhD3VyXa6IRLx 4GH u",8,18-294-992-6523,5466.83,AUTOMOBILE,"onic packages across the bold, regular dolphins boost furiously furious multipliers; furiously specia"
1398,Customer#000001398,"K1rQq6exc3WcVCcgIjA4SaeqxtK2,HG1",8,18-377-181-4654,7004.9,HOUSEHOLD,"the blithely silent dinos. even, special hockey pla"
1402,Customer#000001402,"F7 m0JwiCABmbJLPQpCJ2",6,16-713-144-2780,4396.25,AUTOMOBILE,"g the carefully express dolphins: special, pending packages affix after the packa"
1407,Customer#000001407,zZsTZ3nI1rG5X,14,24-529-300-1554,7424.99,BUILDING,"nding, ironic instructions promise across the quickly regular r"
1412,Customer#000001412,"gfsI6WU i7kYypv09gGIqUFrUod9uhb",10,20-715-510-2804,6368.38,BUILDING,"fully regular accounts print ironic, regular platelets. deposits promise slyly. express, ironic ideas "
1415,Customer#000001415,"x,hzUUAZ9w7ndksLyH0,fEpMfU",21,31-295-601-1598,6252.12,BUILDING,"heodolites. furiously pending requests are above th"
1416,Customer#000001416,"ovOZcFGL31uxmA2ifIYudX6OuwNDz,B",7,17-306-898-9363,5348.4,MACHINERY,"unts wake slyly excuses. bravely even pinto beans across the furiously final de"
1418,Customer#000001418,"S5uBtE hDxHcHunowPDXKSxP3csMFnhYt",17,27-773-818-3164,9359.01,AUTOMOBILE,"ggle quickly blithely thin excuses. final, even accounts integrate slyly. carefully pending account"
1424,Customer#000001424," 3QsPgbVLZ",22,32-542-134-6212,7207.7,FURNITURE," instructions against the furiously express accounts doze fluffily unusual d"
1425,Customer#000001425,"I2UBZAPPdnA9oFKKJTGxaSQZb5QzNzTR4vN6d P",1,11-697-824-4418,5814.72,FURNITURE,"uests boost carefully even foxes. accounts along the slyly ironic requests cajole express, final deposits. sl"
1427,Customer#000001427,dDsmiig0T4oFKaf9ttFeh1etLvSIc9aV1xF2H,11,21-941-208-2485,8136.53,AUTOMOBILE,"es detect accounts. slyly bold theodolites wake ironic, special accounts. instructions cajo"
1431,Customer#000001431,"l3LM2d2T1n c7yI4sOfpEbbd540qO66A4MARk",13,23-640-395-7009,5805.81,AUTOMOBILE,"eposits up the carefully bold requests mo"
1432,Customer#000001432,",pbQM2fi642oAuel",21,31-831-635-9758,6314.25,MACHINERY,"ts sleep. regular frets sleep carefully ironically special dolphins. carefully bold pinto beans"
1435,Customer#000001435,"s0fqxkVVqLWR  IaqibwwOf",20,30-309-437-9265,-729.09,AUTOMOBILE,"usly final orbits are? unusual, ironic accounts are slyly. unusual requests sleep after the ironic,"
1446,Customer#000001446,"p94EVXQW,Q3bhXDyhG1Gp96b5zbaW",23,33-873-120-5388,2981.48,BUILDING,"gle ruthlessly. furiously express dolp"
1451,Customer#000001451,"Yt69m0Aw1LWZhisHJxL4iGEEzx6y,ehspkes",2,12-590-121-9328,3274.3,FURNITURE,"ously regular packages. furiously final deposits boost. slyl"
1456,Customer#000001456,zKDB5elqlAQoUQp,13,23-171-834-8997,6123.69,AUTOMOBILE,"unusual accounts wake. even, ironic packages wake carefully. regular p"
1461,Customer#000001461,MMmT5l0zAilFCb2ZMqsUm3TXlRH,3,13-393-444-1533,8460.48,AUTOMOBILE,"ress, unusual packages affix carefully carefully final ideas. blithely special instructions nag even deposits? f"
1463,Customer#000001463,WD3OuRpJ0NVj2qslrTkUPmeJqVx5,7,17-980-394-5868,6039.64,MACHINERY,"s. blithely even courts wake quickly: quickly silent pains doubt slyly. slyl"
1464,Customer#000001464,"5kOAfK9s6goOZabgSzNLgD,CILowRxqC2OLnV",14,24-133-117-1577,9306.2,AUTOMOBILE,"iously furiously regular tithes. boldly final requests use carefully at the f"
1468,Customer#000001468,APEd1ssFxDC9fhwosxxeQUul5EhwBczX,12,22-901-280-1023,3826.52,BUILDING,"s. slyly regular theodolites aft"
1470,Customer#000001470,"8ufZxZ5IgwGrUM2CWfxYoRHuBi Vj8rY",17,27-350-836-5521,7033.49,HOUSEHOLD," excuses are slyly after the carefully bold accounts. unusual pinto beans boost. final accounts wak"
1475,Customer#000001475,4tUf4SaYTFV2H7ji,0,10-932-794-2009,1820.28,BUILDING,"uctions sleep blithely bold packages. pending, silent deposits after the fluffily final pinto beans ar"
1487,Customer#000001487,AJXUi2qFVKfypmmpTEbkmjmz0gPKQ2,17,27-197-562-5547,3589.16,FURNITURE,"y final instructions. regular, regular packages boost alongside of the b"
1490,Customer#000001490,vBUkY7eCyWP,20,30-326-598-2437,8997.6,MACHINERY," bold orbits boost slyly according to the carefully ironic accounts. slyly special packages whithout the "
1491,Customer#000001491,GjZIP4Fv5lqDt,4,14-931-281-5631,3739.82,HOUSEHOLD,"efully silent tithes. even deposits according to the unusual, even platelets haggle furiously a"
1494,Customer#000001494,"4V71P ku3jrqBfQp",11,21-248-166-9549,8292.21,MACHINERY,"arefully furiously special ideas. pending deposits above the blithely regular excuses wake slyly car"
1496,Customer#000001496,ZOyMxutVHpJy,3,13-802-978-9538,-496.49,AUTOMOBILE,"counts wake slyly above the instructi"
1497,Customer#000001497," D8e2U3gYd57H4grcOr,02",14,24-506-574-8552,2449.57,AUTOMOBILE,"gular packages boost foxes. blithely bold escapades wake slyly special pack"
1498,Customer#000001498,"x XToT5oFi7oIsRG2mgIL3ncvYJoWBsufsQ7N,z",19,29-676-227-6356,5810.56,AUTOMOBILE,"ackages are slyly unusual req"
